"number","table","currency","variables","year","month","url"
"表4","进出口商品类章总值表","人民币","进出口",2020,"1-2","www.customs.gov.cn/customs/302249/302274/302277/302276/2911502/index.html"
"表4","进出口商品类章总值表","人民币","进出口",2020,"3","www.customs.gov.cn/customs/302249/302274/302277/302276/3017151/index.html"
"表4","进出口商品类章总值表","人民币","进出口",2020,"4","www.customs.gov.cn/customs/302249/302274/302277/302276/3073764/index.html"
"表4","进出口商品类章总值表","人民币","进出口",2020,"5 ","www.customs.gov.cn/customs/302249/302274/302277/302276/3155109/index.html"
"表4","进出口商品类章总值表","人民币","进出口",2020,"6",NA
"表4","进出口商品类章总值表","人民币","进出口",2020,"7",NA
"表4","进出口商品类章总值表","人民币","进出口",2020,"8",NA
"表4","进出口商品类章总值表","人民币","进出口",2020,"9",NA
"表4","进出口商品类章总值表","人民币","进出口",2020,"10",NA
"表4","进出口商品类章总值表","人民币","进出口",2020,"11",NA
"表4","进出口商品类章总值表","人民币","进出口",2020,"12",NA
"表4","进出口商品类章总值表","美元","进出口",2020,"1-2","www.customs.gov.cn/customs/302249/302274/302277/302276/2913847/index.html"
"表4","进出口商品类章总值表","美元","进出口",2020,"3","www.customs.gov.cn/customs/302249/302274/302277/302276/3017309/index.html"
"表4","进出口商品类章总值表","美元","进出口",2020,"4","www.customs.gov.cn/customs/302249/302274/302277/302276/3073868/index.html"
"表4","进出口商品类章总值表","美元","进出口",2020,"5 ","www.customs.gov.cn/customs/302249/302274/302277/302276/3155309/index.html"
"表4","进出口商品类章总值表","美元","进出口",2020,"6",NA
"表4","进出口商品类章总值表","美元","进出口",2020,"7",NA
"表4","进出口商品类章总值表","美元","进出口",2020,"8",NA
"表4","进出口商品类章总值表","美元","进出口",2020,"9",NA
"表4","进出口商品类章总值表","美元","进出口",2020,"10",NA
"表4","进出口商品类章总值表","美元","进出口",2020,"11",NA
"表4","进出口商品类章总值表","美元","进出口",2020,"12",NA
"表4","进出口商品类章总值表","人民币","进出口",2019,"1","www.customs.gov.cn/customs/302249/302274/302277/302276/2314335/index.html"
"表4","进出口商品类章总值表","人民币","进出口",2019,"2","www.customs.gov.cn/customs/302249/302274/302277/302276/2352961/index.html"
"表4","进出口商品类章总值表","人民币","进出口",2019,"3","www.customs.gov.cn/customs/302249/302274/302277/302276/2391840/index.html"
"表4","进出口商品类章总值表","人民币","进出口",2019,"4","www.customs.gov.cn/customs/302249/302274/302277/302276/2447337/index.html"
"表4","进出口商品类章总值表","人民币","进出口",2019,"5","www.customs.gov.cn/customs/302249/302274/302277/302276/2513964/index.html"
"表4","进出口商品类章总值表","人民币","进出口",2019,"6","www.customs.gov.cn/customs/302249/302274/302277/302276/2546192/index.html"
"表4","进出口商品类章总值表","人民币","进出口",2019,"7","www.customs.gov.cn/customs/302249/302274/302277/302276/2573504/index.html"
"表4","进出口商品类章总值表","人民币","进出口",2019,"8","www.customs.gov.cn/customs/302249/302274/302277/302276/2603936/index.html"
"表4","进出口商品类章总值表","人民币","进出口",2019,"9","www.customs.gov.cn/customs/302249/302274/302277/302276/2653451/index.html"
"表4","进出口商品类章总值表","人民币","进出口",2019,"10","www.customs.gov.cn/customs/302249/302274/302277/302276/2708972/index.html"
"表4","进出口商品类章总值表","人民币","进出口",2019,"11","www.customs.gov.cn/customs/302249/302274/302277/302276/2790962/index.html"
"表4","进出口商品类章总值表","人民币","进出口",2019,"12","www.customs.gov.cn/customs/302249/302274/302277/302276/2851276/index.html"
"表4","进出口商品类章总值表","美元","进出口",2019,"1","www.customs.gov.cn/customs/302249/302274/302277/302276/2314443/index.html"
"表4","进出口商品类章总值表","美元","进出口",2019,"2","www.customs.gov.cn/customs/302249/302274/302277/302276/2353025/index.html"
"表4","进出口商品类章总值表","美元","进出口",2019,"3","www.customs.gov.cn/customs/302249/302274/302277/302276/2392228/index.html"
"表4","进出口商品类章总值表","美元","进出口",2019,"4","www.customs.gov.cn/customs/302249/302274/302277/302276/2448231/index.html"
"表4","进出口商品类章总值表","美元","进出口",2019,"5","www.customs.gov.cn/customs/302249/302274/302277/302276/2514030/index.html"
"表4","进出口商品类章总值表","美元","进出口",2019,"6","www.customs.gov.cn/customs/302249/302274/302277/302276/2546515/index.html"
"表4","进出口商品类章总值表","美元","进出口",2019,"7","www.customs.gov.cn/customs/302249/302274/302277/302276/2573715/index.html"
"表4","进出口商品类章总值表","美元","进出口",2019,"8","www.customs.gov.cn/customs/302249/302274/302277/302276/2604109/index.html"
"表4","进出口商品类章总值表","美元","进出口",2019,"9","www.customs.gov.cn/customs/302249/302274/302277/302276/2653712/index.html"
"表4","进出口商品类章总值表","美元","进出口",2019,"10","www.customs.gov.cn/customs/302249/302274/302277/302276/2709057/index.html"
"表4","进出口商品类章总值表","美元","进出口",2019,"11","www.customs.gov.cn/customs/302249/302274/302277/302276/2791363/index.html"
"表4","进出口商品类章总值表","美元","进出口",2019,"12","www.customs.gov.cn/customs/302249/302274/302277/302276/2851406/index.html"
"表4","进出口商品类章总值表","人民币","进出口",2018,"1 ","www.customs.gov.cn/customs/302249/302274/302277/302276/1466681/index.html"
"表4","进出口商品类章总值表","人民币","进出口",2018,"2 ","www.customs.gov.cn/customs/302249/302274/302277/302276/1475214/index.html"
"表4","进出口商品类章总值表","人民币","进出口",2018,"3 ","www.customs.gov.cn/customs/302249/302274/302277/302276/1761364/index.html"
"表4","进出口商品类章总值表","人民币","进出口",2018,"4 ","www.customs.gov.cn/customs/302249/302274/302277/302276/1857616/index.html"
"表4","进出口商品类章总值表","人民币","进出口",2018,"5 ","www.customs.gov.cn/customs/302249/302274/302277/302276/1899360/index.html"
"表4","进出口商品类章总值表","人民币","进出口",2018,"6","www.customs.gov.cn/customs/302249/302274/302277/302276/1939958/index.html"
"表4","进出口商品类章总值表","人民币","进出口",2018,"7","www.customs.gov.cn/customs/302249/302274/302277/302276/1975139/index.html"
"表4","进出口商品类章总值表","人民币","进出口",2018,"8","www.customs.gov.cn/customs/302249/302274/302277/302276/2020673/index.html"
"表4","进出口商品类章总值表","人民币","进出口",2018,"9","www.customs.gov.cn/customs/302249/302274/302277/302276/2050072/index.html"
"表4","进出口商品类章总值表","人民币","进出口",2018,"10","www.customs.gov.cn/customs/302249/302274/302277/302276/2112806/index.html"
"表4","进出口商品类章总值表","人民币","进出口",2018,"11","www.customs.gov.cn/customs/302249/302274/302277/302276/2153581/index.html"
"表4","进出口商品类章总值表","人民币","进出口",2018,"12","www.customs.gov.cn/customs/302249/302274/302277/302276/2278785/index.html"
"表4","进出口商品类章总值表","美元","进出口",2018,"1 ","www.customs.gov.cn/customs/302249/302274/302277/302276/1466813/index.html"
"表4","进出口商品类章总值表","美元","进出口",2018,"2 ","www.customs.gov.cn/customs/302249/302274/302277/302276/1475281/index.html"
"表4","进出口商品类章总值表","美元","进出口",2018,"3 ","www.customs.gov.cn/customs/302249/302274/302277/302276/1761932/index.html"
"表4","进出口商品类章总值表","美元","进出口",2018,"4 ","www.customs.gov.cn/customs/302249/302274/302277/302276/1857808/index.html"
"表4","进出口商品类章总值表","美元","进出口",2018,"5 ","www.customs.gov.cn/customs/302249/302274/302277/302276/1899411/index.html"
"表4","进出口商品类章总值表","美元","进出口",2018,"6","www.customs.gov.cn/customs/302249/302274/302277/302276/1940052/index.html"
"表4","进出口商品类章总值表","美元","进出口",2018,"7","www.customs.gov.cn/customs/302249/302274/302277/302276/1975218/index.html"
"表4","进出口商品类章总值表","美元","进出口",2018,"8","www.customs.gov.cn/customs/302249/302274/302277/302276/2020734/index.html"
"表4","进出口商品类章总值表","美元","进出口",2018,"9","www.customs.gov.cn/customs/302249/302274/302277/302276/2050248/index.html"
"表4","进出口商品类章总值表","美元","进出口",2018,"10","www.customs.gov.cn/customs/302249/302274/302277/302276/2112937/index.html"
"表4","进出口商品类章总值表","美元","进出口",2018,"11","www.customs.gov.cn/customs/302249/302274/302277/302276/2153642/index.html"
"表4","进出口商品类章总值表","美元","进出口",2018,"12","www.customs.gov.cn/customs/302249/302274/302277/302276/2278995/index.html"
"表4","进出口商品类章总值表","人民币","进出口",2017,"1","www.customs.gov.cn/customs/302249/302274/302277/302276/632026/index.html"
"表4","进出口商品类章总值表","人民币","进出口",2017,"2","www.customs.gov.cn/customs/302249/302274/302277/302276/632060/index.html"
"表4","进出口商品类章总值表","人民币","进出口",2017,"3","www.customs.gov.cn/customs/302249/302274/302277/302276/632094/index.html"
"表4","进出口商品类章总值表","人民币","进出口",2017,"4","www.customs.gov.cn/customs/302249/302274/302277/302276/632128/index.html"
"表4","进出口商品类章总值表","人民币","进出口",2017,"5","www.customs.gov.cn/customs/302249/302274/302277/302276/702153/index.html"
"表4","进出口商品类章总值表","人民币","进出口",2017,"6","www.customs.gov.cn/customs/302249/302274/302277/302276/715946/index.html"
"表4","进出口商品类章总值表","人民币","进出口",2017,"7","www.customs.gov.cn/customs/302249/302274/302277/302276/725288/index.html"
"表4","进出口商品类章总值表","人民币","进出口",2017,"8","www.customs.gov.cn/customs/302249/302274/302277/302276/733935/index.html"
"表4","进出口商品类章总值表","人民币","进出口",2017,"9","www.customs.gov.cn/customs/302249/302274/302277/302276/737380/index.html"
"表4","进出口商品类章总值表","人民币","进出口",2017,"10 ","www.customs.gov.cn/customs/302249/302274/302277/302276/747748/index.html"
"表4","进出口商品类章总值表","人民币","进出口",2017,"11 ","www.customs.gov.cn/customs/302249/302274/302277/302276/760826/index.html"
"表4","进出口商品类章总值表","人民币","进出口",2017,"12 ","www.customs.gov.cn/customs/302249/302274/302277/302276/1421101/index.html"
"表4","进出口商品类章总值表","美元","进出口",2017,"1","www.customs.gov.cn/customs/302249/302274/302277/302276/632043/index.html"
"表4","进出口商品类章总值表","美元","进出口",2017,"2","www.customs.gov.cn/customs/302249/302274/302277/302276/632077/index.html"
"表4","进出口商品类章总值表","美元","进出口",2017,"3","www.customs.gov.cn/customs/302249/302274/302277/302276/632111/index.html"
"表4","进出口商品类章总值表","美元","进出口",2017,"4","www.customs.gov.cn/customs/302249/302274/302277/302276/632143/index.html"
"表4","进出口商品类章总值表","美元","进出口",2017,"5","www.customs.gov.cn/customs/302249/302274/302277/302276/702168/index.html"
"表4","进出口商品类章总值表","美元","进出口",2017,"6","www.customs.gov.cn/customs/302249/302274/302277/302276/716018/index.html"
"表4","进出口商品类章总值表","美元","进出口",2017,"7","www.customs.gov.cn/customs/302249/302274/302277/302276/725385/index.html"
"表4","进出口商品类章总值表","美元","进出口",2017,"8","www.customs.gov.cn/customs/302249/302274/302277/302276/734012/index.html"
"表4","进出口商品类章总值表","美元","进出口",2017,"9","www.customs.gov.cn/customs/302249/302274/302277/302276/737431/index.html"
"表4","进出口商品类章总值表","美元","进出口",2017,"10 ","www.customs.gov.cn/customs/302249/302274/302277/302276/747802/index.html"
"表4","进出口商品类章总值表","美元","进出口",2017,"11 ","www.customs.gov.cn/customs/302249/302274/302277/302276/760877/index.html"
"表4","进出口商品类章总值表","美元","进出口",2017,"12 ","www.customs.gov.cn/customs/302249/302274/302277/302276/1421273/index.html"
"表4","进出口商品类章总值表","人民币","进出口",2016,"1","www.customs.gov.cn/customs/302249/302274/302277/302276/310709/index.html"
"表4","进出口商品类章总值表","人民币","进出口",2016,"2","www.customs.gov.cn/customs/302249/302274/302277/302276/310743/index.html"
"表4","进出口商品类章总值表","人民币","进出口",2016,"3","www.customs.gov.cn/customs/302249/302274/302277/302276/310777/index.html"
"表4","进出口商品类章总值表","人民币","进出口",2016,"4","www.customs.gov.cn/customs/302249/302274/302277/302276/310811/index.html"
"表4","进出口商品类章总值表","人民币","进出口",2016,"5","www.customs.gov.cn/customs/302249/302274/302277/302276/631757/index.html"
"表4","进出口商品类章总值表","人民币","进出口",2016,"6","www.customs.gov.cn/customs/302249/302274/302277/302276/631791/index.html"
"表4","进出口商品类章总值表","人民币","进出口",2016,"7","www.customs.gov.cn/customs/302249/302274/302277/302276/631825/index.html"
"表4","进出口商品类章总值表","人民币","进出口",2016,"8","www.customs.gov.cn/customs/302249/302274/302277/302276/631859/index.html"
"表4","进出口商品类章总值表","人民币","进出口",2016,"9","www.customs.gov.cn/customs/302249/302274/302277/302276/631893/index.html"
"表4","进出口商品类章总值表","人民币","进出口",2016,"10","www.customs.gov.cn/customs/302249/302274/302277/302276/631927/index.html"
"表4","进出口商品类章总值表","人民币","进出口",2016,"11","www.customs.gov.cn/customs/302249/302274/302277/302276/631961/index.html"
"表4","进出口商品类章总值表","人民币","进出口",2016,"12","www.customs.gov.cn/customs/302249/302274/302277/302276/631995/index.html"
"表4","进出口商品类章总值表","美元","进出口",2016,"1","www.customs.gov.cn/customs/302249/302274/302277/302276/310726/index.html"
"表4","进出口商品类章总值表","美元","进出口",2016,"2","www.customs.gov.cn/customs/302249/302274/302277/302276/310760/index.html"
"表4","进出口商品类章总值表","美元","进出口",2016,"3","www.customs.gov.cn/customs/302249/302274/302277/302276/310794/index.html"
"表4","进出口商品类章总值表","美元","进出口",2016,"4","www.customs.gov.cn/customs/302249/302274/302277/302276/310828/index.html"
"表4","进出口商品类章总值表","美元","进出口",2016,"5","www.customs.gov.cn/customs/302249/302274/302277/302276/631774/index.html"
"表4","进出口商品类章总值表","美元","进出口",2016,"6","www.customs.gov.cn/customs/302249/302274/302277/302276/631808/index.html"
"表4","进出口商品类章总值表","美元","进出口",2016,"7","www.customs.gov.cn/customs/302249/302274/302277/302276/631842/index.html"
"表4","进出口商品类章总值表","美元","进出口",2016,"8","www.customs.gov.cn/customs/302249/302274/302277/302276/631876/index.html"
"表4","进出口商品类章总值表","美元","进出口",2016,"9","www.customs.gov.cn/customs/302249/302274/302277/302276/631908/index.html"
"表4","进出口商品类章总值表","美元","进出口",2016,"10","www.customs.gov.cn/customs/302249/302274/302277/302276/631944/index.html"
"表4","进出口商品类章总值表","美元","进出口",2016,"11","www.customs.gov.cn/customs/302249/302274/302277/302276/631978/index.html"
"表4","进出口商品类章总值表","美元","进出口",2016,"12","www.customs.gov.cn/customs/302249/302274/302277/302276/632010/index.html"
"表4","进出口商品类章总值表","人民币","进出口",2015,"1","www.customs.gov.cn/customs/302249/302274/302277/302276/310300/index.html"
"表4","进出口商品类章总值表","人民币","进出口",2015,"2","www.customs.gov.cn/customs/302249/302274/302277/302276/310334/index.html"
"表4","进出口商品类章总值表","人民币","进出口",2015,"3","www.customs.gov.cn/customs/302249/302274/302277/302276/310368/index.html"
"表4","进出口商品类章总值表","人民币","进出口",2015,"4","www.customs.gov.cn/customs/302249/302274/302277/302276/310402/index.html"
"表4","进出口商品类章总值表","人民币","进出口",2015,"5","www.customs.gov.cn/customs/302249/302274/302277/302276/310436/index.html"
"表4","进出口商品类章总值表","人民币","进出口",2015,"6","www.customs.gov.cn/customs/302249/302274/302277/302276/310470/index.html"
"表4","进出口商品类章总值表","人民币","进出口",2015,"7","www.customs.gov.cn/customs/302249/302274/302277/302276/310505/index.html"
"表4","进出口商品类章总值表","人民币","进出口",2015,"8","www.customs.gov.cn/customs/302249/302274/302277/302276/310539/index.html"
"表4","进出口商品类章总值表","人民币","进出口",2015,"9","www.customs.gov.cn/customs/302249/302274/302277/302276/310573/index.html"
"表4","进出口商品类章总值表","人民币","进出口",2015,"10","www.customs.gov.cn/customs/302249/302274/302277/302276/310607/index.html"
"表4","进出口商品类章总值表","人民币","进出口",2015,"11","www.customs.gov.cn/customs/302249/302274/302277/302276/310641/index.html"
"表4","进出口商品类章总值表","人民币","进出口",2015,"12","www.customs.gov.cn/customs/302249/302274/302277/302276/310675/index.html"
"表4","进出口商品类章总值表","美元","进出口",2015,"1","www.customs.gov.cn/customs/302249/302274/302277/302276/310315/index.html"
"表4","进出口商品类章总值表","美元","进出口",2015,"2","www.customs.gov.cn/customs/302249/302274/302277/302276/310349/index.html"
"表4","进出口商品类章总值表","美元","进出口",2015,"3","www.customs.gov.cn/customs/302249/302274/302277/302276/310385/index.html"
"表4","进出口商品类章总值表","美元","进出口",2015,"4","www.customs.gov.cn/customs/302249/302274/302277/302276/310419/index.html"
"表4","进出口商品类章总值表","美元","进出口",2015,"5","www.customs.gov.cn/customs/302249/302274/302277/302276/310453/index.html"
"表4","进出口商品类章总值表","美元","进出口",2015,"6","www.customs.gov.cn/customs/302249/302274/302277/302276/310488/index.html"
"表4","进出口商品类章总值表","美元","进出口",2015,"7","www.customs.gov.cn/customs/302249/302274/302277/302276/310522/index.html"
"表4","进出口商品类章总值表","美元","进出口",2015,"8",NA
"表4","进出口商品类章总值表","美元","进出口",2015,"9","www.customs.gov.cn/customs/302249/302274/302277/302276/310590/index.html"
"表4","进出口商品类章总值表","美元","进出口",2015,"10","www.customs.gov.cn/customs/302249/302274/302277/302276/310622/index.html"
"表4","进出口商品类章总值表","美元","进出口",2015,"11","www.customs.gov.cn/customs/302249/302274/302277/302276/310656/index.html"
"表4","进出口商品类章总值表","美元","进出口",2015,"12","www.customs.gov.cn/customs/302249/302274/302277/302276/310692/index.html"
"表4","进出口商品类章总值表","人民币","进出口",2014,"1",NA
"表4","进出口商品类章总值表","人民币","进出口",2014,"2",NA
"表4","进出口商品类章总值表","人民币","进出口",2014,"3",NA
"表4","进出口商品类章总值表","人民币","进出口",2014,"4",NA
"表4","进出口商品类章总值表","人民币","进出口",2014,"5",NA
"表4","进出口商品类章总值表","人民币","进出口",2014,"6","www.customs.gov.cn/customs/302249/302274/302277/302276/310062/index.html"
"表4","进出口商品类章总值表","人民币","进出口",2014,"7","www.customs.gov.cn/customs/302249/302274/302277/302276/310098/index.html"
"表4","进出口商品类章总值表","人民币","进出口",2014,"8","www.customs.gov.cn/customs/302249/302274/302277/302276/310130/index.html"
"表4","进出口商品类章总值表","人民币","进出口",2014,"9","www.customs.gov.cn/customs/302249/302274/302277/302276/310164/index.html"
"表4","进出口商品类章总值表","人民币","进出口",2014,"10","www.customs.gov.cn/customs/302249/302274/302277/302276/310198/index.html"
"表4","进出口商品类章总值表","人民币","进出口",2014,"11","www.customs.gov.cn/customs/302249/302274/302277/302276/310232/index.html"
"表4","进出口商品类章总值表","人民币","进出口",2014,"12",NA
"表4","进出口商品类章总值表","美元","进出口",2014,"1",NA
"表4","进出口商品类章总值表","美元","进出口",2014,"2",NA
"表4","进出口商品类章总值表","美元","进出口",2014,"3",NA
"表4","进出口商品类章总值表","美元","进出口",2014,"4",NA
"表4","进出口商品类章总值表","美元","进出口",2014,"5",NA
"表4","进出口商品类章总值表","美元","进出口",2014,"6","www.customs.gov.cn/customs/302249/302274/302277/302276/310077/index.html"
"表4","进出口商品类章总值表","美元","进出口",2014,"7","www.customs.gov.cn/customs/302249/302274/302277/302276/310111/index.html"
"表4","进出口商品类章总值表","美元","进出口",2014,"8","www.customs.gov.cn/customs/302249/302274/302277/302276/310144/index.html"
"表4","进出口商品类章总值表","美元","进出口",2014,"9","www.customs.gov.cn/customs/302249/302274/302277/302276/310179/index.html"
"表4","进出口商品类章总值表","美元","进出口",2014,"10","www.customs.gov.cn/customs/302249/302274/302277/302276/310213/index.html"
"表4","进出口商品类章总值表","美元","进出口",2014,"11","www.customs.gov.cn/customs/302249/302274/302277/302276/310246/index.html"
"表4","进出口商品类章总值表","美元","进出口",2014,"12","www.customs.gov.cn/customs/302249/302274/302277/302276/310281/index.html"
"表13","出口主要商品量值表","人民币","出口",2020,"1-2","www.customs.gov.cn/customs/302249/302274/302277/302276/2913158/index.html"
"表13","出口主要商品量值表","人民币","出口",2020,"3","www.customs.gov.cn/customs/302249/302274/302277/302276/3017217/index.html"
"表13","出口主要商品量值表","人民币","出口",2020,"4","www.customs.gov.cn/customs/302249/302274/302277/302276/3073822/index.html"
"表13","出口主要商品量值表","人民币","出口",2020,"5 ","www.customs.gov.cn/customs/302249/302274/302277/302276/3155198/index.html"
"表13","出口主要商品量值表","人民币","出口",2020,"6",NA
"表13","出口主要商品量值表","人民币","出口",2020,"7",NA
"表13","出口主要商品量值表","人民币","出口",2020,"8",NA
"表13","出口主要商品量值表","人民币","出口",2020,"9",NA
"表13","出口主要商品量值表","人民币","出口",2020,"10",NA
"表13","出口主要商品量值表","人民币","出口",2020,"11",NA
"表13","出口主要商品量值表","人民币","出口",2020,"12",NA
"表13","出口主要商品量值表","美元","出口",2020,"1-2","www.customs.gov.cn/customs/302249/302274/302277/302276/2914093/index.html"
"表13","出口主要商品量值表","美元","出口",2020,"3","www.customs.gov.cn/customs/302249/302274/302277/302276/3017378/index.html"
"表13","出口主要商品量值表","美元","出口",2020,"4","www.customs.gov.cn/customs/302249/302274/302277/302276/3073909/index.html"
"表13","出口主要商品量值表","美元","出口",2020,"5 ","www.customs.gov.cn/customs/302249/302274/302277/302276/3155348/index.html"
"表13","出口主要商品量值表","美元","出口",2020,"6",NA
"表13","出口主要商品量值表","美元","出口",2020,"7",NA
"表13","出口主要商品量值表","美元","出口",2020,"8",NA
"表13","出口主要商品量值表","美元","出口",2020,"9",NA
"表13","出口主要商品量值表","美元","出口",2020,"10",NA
"表13","出口主要商品量值表","美元","出口",2020,"11",NA
"表13","出口主要商品量值表","美元","出口",2020,"12",NA
"表13","出口主要商品量值表","人民币","出口",2019,"1","www.customs.gov.cn/customs/302249/302274/302277/302276/2314401/index.html"
"表13","出口主要商品量值表","人民币","出口",2019,"2","www.customs.gov.cn/customs/302249/302274/302277/302276/2352988/index.html"
"表13","出口主要商品量值表","人民币","出口",2019,"3","www.customs.gov.cn/customs/302249/302274/302277/302276/2391904/index.html"
"表13","出口主要商品量值表","人民币","出口",2019,"4","www.customs.gov.cn/customs/302249/302274/302277/302276/2447560/index.html"
"表13","出口主要商品量值表","人民币","出口",2019,"5","www.customs.gov.cn/customs/302249/302274/302277/302276/2513996/index.html"
"表13","出口主要商品量值表","人民币","出口",2019,"6","www.customs.gov.cn/customs/302249/302274/302277/302276/2546291/index.html"
"表13","出口主要商品量值表","人民币","出口",2019,"7","www.customs.gov.cn/customs/302249/302274/302277/302276/2573615/index.html"
"表13","出口主要商品量值表","人民币","出口",2019,"8","www.customs.gov.cn/customs/302249/302274/302277/302276/2604030/index.html"
"表13","出口主要商品量值表","人民币","出口",2019,"9","www.customs.gov.cn/customs/302249/302274/302277/302276/2653538/index.html"
"表13","出口主要商品量值表","人民币","出口",2019,"10","www.customs.gov.cn/customs/302249/302274/302277/302276/2709012/index.html"
"表13","出口主要商品量值表","人民币","出口",2019,"11","www.customs.gov.cn/customs/302249/302274/302277/302276/2791146/index.html"
"表13","出口主要商品量值表","人民币","出口",2019,"12","www.customs.gov.cn/customs/302249/302274/302277/302276/2851356/index.html"
"表13","出口主要商品量值表","美元","出口",2019,"1","www.customs.gov.cn/customs/302249/302274/302277/302276/2314594/index.html"
"表13","出口主要商品量值表","美元","出口",2019,"2","www.customs.gov.cn/customs/302249/302274/302277/302276/2353052/index.html"
"表13","出口主要商品量值表","美元","出口",2019,"3","www.customs.gov.cn/customs/302249/302274/302277/302276/2392276/index.html"
"表13","出口主要商品量值表","美元","出口",2019,"4","www.customs.gov.cn/customs/302249/302274/302277/302276/2448403/index.html"
"表13","出口主要商品量值表","美元","出口",2019,"5","www.customs.gov.cn/customs/302249/302274/302277/302276/2514057/index.html"
"表13","出口主要商品量值表","美元","出口",2019,"6","www.customs.gov.cn/customs/302249/302274/302277/302276/2546593/index.html"
"表13","出口主要商品量值表","美元","出口",2019,"7","www.customs.gov.cn/customs/302249/302274/302277/302276/2573798/index.html"
"表13","出口主要商品量值表","美元","出口",2019,"8","www.customs.gov.cn/customs/302249/302274/302277/302276/2604213/index.html"
"表13","出口主要商品量值表","美元","出口",2019,"9","www.customs.gov.cn/customs/302249/302274/302277/302276/2653863/index.html"
"表13","出口主要商品量值表","美元","出口",2019,"10","www.customs.gov.cn/customs/302249/302274/302277/302276/2709105/index.html"
"表13","出口主要商品量值表","美元","出口",2019,"11","www.customs.gov.cn/customs/302249/302274/302277/302276/2791485/index.html"
"表13","出口主要商品量值表","美元","出口",2019,"12","www.customs.gov.cn/customs/302249/302274/302277/302276/2851454/index.html"
"表13","出口主要商品量值表","人民币","出口",2018,"1 ","www.customs.gov.cn/customs/302249/302274/302277/302276/1466744/index.html"
"表13","出口主要商品量值表","人民币","出口",2018,"2 ","www.customs.gov.cn/customs/302249/302274/302277/302276/1475254/index.html"
"表13","出口主要商品量值表","人民币","出口",2018,"3 ","www.customs.gov.cn/customs/302249/302274/302277/302276/1761772/index.html"
"表13","出口主要商品量值表","人民币","出口",2018,"4 ","www.customs.gov.cn/customs/302249/302274/302277/302276/1857728/index.html"
"表13","出口主要商品量值表","人民币","出口",2018,"5 ","www.customs.gov.cn/customs/302249/302274/302277/302276/1899387/index.html"
"表13","出口主要商品量值表","人民币","出口",2018,"6","www.customs.gov.cn/customs/302249/302274/302277/302276/1940002/index.html"
"表13","出口主要商品量值表","人民币","出口",2018,"7","www.customs.gov.cn/customs/302249/302274/302277/302276/1975166/index.html"
"表13","出口主要商品量值表","人民币","出口",2018,"8","www.customs.gov.cn/customs/302249/302274/302277/302276/2020700/index.html"
"表13","出口主要商品量值表","人民币","出口",2018,"9","www.customs.gov.cn/customs/302249/302274/302277/302276/2050209/index.html"
"表13","出口主要商品量值表","人民币","出口",2018,"10","www.customs.gov.cn/customs/302249/302274/302277/302276/2112848/index.html"
"表13","出口主要商品量值表","人民币","出口",2018,"11","www.customs.gov.cn/customs/302249/302274/302277/302276/2153613/index.html"
"表13","出口主要商品量值表","人民币","出口",2018,"12","www.customs.gov.cn/customs/302249/302274/302277/302276/2278839/index.html"
"表13","出口主要商品量值表","美元","出口",2018,"1 ","www.customs.gov.cn/customs/302249/302274/302277/302276/1466848/index.html"
"表13","出口主要商品量值表","美元","出口",2018,"2 ","www.customs.gov.cn/customs/302249/302274/302277/302276/1475347/index.html"
"表13","出口主要商品量值表","美元","出口",2018,"3 ","www.customs.gov.cn/customs/302249/302274/302277/302276/1761993/index.html"
"表13","出口主要商品量值表","美元","出口",2018,"4 ","www.customs.gov.cn/customs/302249/302274/302277/302276/1858121/index.html"
"表13","出口主要商品量值表","美元","出口",2018,"5 ","www.customs.gov.cn/customs/302249/302274/302277/302276/1899438/index.html"
"表13","出口主要商品量值表","美元","出口",2018,"6","www.customs.gov.cn/customs/302249/302274/302277/302276/1940121/index.html"
"表13","出口主要商品量值表","美元","出口",2018,"7","www.customs.gov.cn/customs/302249/302274/302277/302276/1975245/index.html"
"表13","出口主要商品量值表","美元","出口",2018,"8","www.customs.gov.cn/customs/302249/302274/302277/302276/2020765/index.html"
"表13","出口主要商品量值表","美元","出口",2018,"9","www.customs.gov.cn/customs/302249/302274/302277/302276/2050298/index.html"
"表13","出口主要商品量值表","美元","出口",2018,"10","www.customs.gov.cn/customs/302249/302274/302277/302276/2113026/index.html"
"表13","出口主要商品量值表","美元","出口",2018,"11","www.customs.gov.cn/customs/302249/302274/302277/302276/2153669/index.html"
"表13","出口主要商品量值表","美元","出口",2018,"12","www.customs.gov.cn/customs/302249/302274/302277/302276/2279025/index.html"
"表13","出口主要商品量值表","人民币","出口",2017,"1","www.customs.gov.cn/customs/302249/302274/302277/302276/632035/index.html"
"表13","出口主要商品量值表","人民币","出口",2017,"2","www.customs.gov.cn/customs/302249/302274/302277/302276/632069/index.html"
"表13","出口主要商品量值表","人民币","出口",2017,"3","www.customs.gov.cn/customs/302249/302274/302277/302276/632103/index.html"
"表13","出口主要商品量值表","人民币","出口",2017,"4","www.customs.gov.cn/customs/302249/302274/302277/302276/632137/index.html"
"表13","出口主要商品量值表","人民币","出口",2017,"5","www.customs.gov.cn/customs/302249/302274/302277/302276/702162/index.html"
"表13","出口主要商品量值表","人民币","出口",2017,"6","www.customs.gov.cn/customs/302249/302274/302277/302276/715988/index.html"
"表13","出口主要商品量值表","人民币","出口",2017,"7","www.customs.gov.cn/customs/302249/302274/302277/302276/725331/index.html"
"表13","出口主要商品量值表","人民币","出口",2017,"8","www.customs.gov.cn/customs/302249/302274/302277/302276/733975/index.html"
"表13","出口主要商品量值表","人民币","出口",2017,"9","www.customs.gov.cn/customs/302249/302274/302277/302276/737407/index.html"
"表13","出口主要商品量值表","人民币","出口",2017,"10 ","www.customs.gov.cn/customs/302249/302274/302277/302276/747778/index.html"
"表13","出口主要商品量值表","人民币","出口",2017,"11 ","www.customs.gov.cn/customs/302249/302274/302277/302276/760853/index.html"
"表13","出口主要商品量值表","人民币","出口",2017,"12 ","www.customs.gov.cn/customs/302249/302274/302277/302276/1421203/index.html"
"表13","出口主要商品量值表","美元","出口",2017,"1","www.customs.gov.cn/customs/302249/302274/302277/302276/632052/index.html"
"表13","出口主要商品量值表","美元","出口",2017,"2","www.customs.gov.cn/customs/302249/302274/302277/302276/632086/index.html"
"表13","出口主要商品量值表","美元","出口",2017,"3","www.customs.gov.cn/customs/302249/302274/302277/302276/632120/index.html"
"表13","出口主要商品量值表","美元","出口",2017,"4","www.customs.gov.cn/customs/302249/302274/302277/302276/632152/index.html"
"表13","出口主要商品量值表","美元","出口",2017,"5","www.customs.gov.cn/customs/302249/302274/302277/302276/702179/index.html"
"表13","出口主要商品量值表","美元","出口",2017,"6","www.customs.gov.cn/customs/302249/302274/302277/302276/716045/index.html"
"表13","出口主要商品量值表","美元","出口",2017,"7","www.customs.gov.cn/customs/302249/302274/302277/302276/725459/index.html"
"表13","出口主要商品量值表","美元","出口",2017,"8","www.customs.gov.cn/customs/302249/302274/302277/302276/734045/index.html"
"表13","出口主要商品量值表","美元","出口",2017,"9","www.customs.gov.cn/customs/302249/302274/302277/302276/737458/index.html"
"表13","出口主要商品量值表","美元","出口",2017,"10 ","www.customs.gov.cn/customs/302249/302274/302277/302276/747829/index.html"
"表13","出口主要商品量值表","美元","出口",2017,"11 ","www.customs.gov.cn/customs/302249/302274/302277/302276/760904/index.html"
"表13","出口主要商品量值表","美元","出口",2017,"12 ","www.customs.gov.cn/customs/302249/302274/302277/302276/1421311/index.html"
"表13","出口主要商品量值表","人民币","出口",2016,"1","www.customs.gov.cn/customs/302249/302274/302277/302276/310718/index.html"
"表13","出口主要商品量值表","人民币","出口",2016,"2","www.customs.gov.cn/customs/302249/302274/302277/302276/310752/index.html"
"表13","出口主要商品量值表","人民币","出口",2016,"3","www.customs.gov.cn/customs/302249/302274/302277/302276/310786/index.html"
"表13","出口主要商品量值表","人民币","出口",2016,"4","www.customs.gov.cn/customs/302249/302274/302277/302276/310820/index.html"
"表13","出口主要商品量值表","人民币","出口",2016,"5","www.customs.gov.cn/customs/302249/302274/302277/302276/631766/index.html"
"表13","出口主要商品量值表","人民币","出口",2016,"6","www.customs.gov.cn/customs/302249/302274/302277/302276/631800/index.html"
"表13","出口主要商品量值表","人民币","出口",2016,"7","www.customs.gov.cn/customs/302249/302274/302277/302276/631834/index.html"
"表13","出口主要商品量值表","人民币","出口",2016,"8","www.customs.gov.cn/customs/302249/302274/302277/302276/631868/index.html"
"表13","出口主要商品量值表","人民币","出口",2016,"9","www.customs.gov.cn/customs/302249/302274/302277/302276/631902/index.html"
"表13","出口主要商品量值表","人民币","出口",2016,"10","www.customs.gov.cn/customs/302249/302274/302277/302276/631936/index.html"
"表13","出口主要商品量值表","人民币","出口",2016,"11","www.customs.gov.cn/customs/302249/302274/302277/302276/631970/index.html"
"表13","出口主要商品量值表","人民币","出口",2016,"12","www.customs.gov.cn/customs/302249/302274/302277/302276/632004/index.html"
"表13","出口主要商品量值表","美元","出口",2016,"1","www.customs.gov.cn/customs/302249/302274/302277/302276/310735/index.html"
"表13","出口主要商品量值表","美元","出口",2016,"2","www.customs.gov.cn/customs/302249/302274/302277/302276/310769/index.html"
"表13","出口主要商品量值表","美元","出口",2016,"3","www.customs.gov.cn/customs/302249/302274/302277/302276/310803/index.html"
"表13","出口主要商品量值表","美元","出口",2016,"4","www.customs.gov.cn/customs/302249/302274/302277/302276/310837/index.html"
"表13","出口主要商品量值表","美元","出口",2016,"5","www.customs.gov.cn/customs/302249/302274/302277/302276/631783/index.html"
"表13","出口主要商品量值表","美元","出口",2016,"6","www.customs.gov.cn/customs/302249/302274/302277/302276/631817/index.html"
"表13","出口主要商品量值表","美元","出口",2016,"7","www.customs.gov.cn/customs/302249/302274/302277/302276/631851/index.html"
"表13","出口主要商品量值表","美元","出口",2016,"8","www.customs.gov.cn/customs/302249/302274/302277/302276/631885/index.html"
"表13","出口主要商品量值表","美元","出口",2016,"9","www.customs.gov.cn/customs/302249/302274/302277/302276/631917/index.html"
"表13","出口主要商品量值表","美元","出口",2016,"10","www.customs.gov.cn/customs/302249/302274/302277/302276/631953/index.html"
"表13","出口主要商品量值表","美元","出口",2016,"11","www.customs.gov.cn/customs/302249/302274/302277/302276/631987/index.html"
"表13","出口主要商品量值表","美元","出口",2016,"12","www.customs.gov.cn/customs/302249/302274/302277/302276/632019/index.html"
"表13","出口主要商品量值表","人民币","出口",2015,"1","www.customs.gov.cn/customs/302249/302274/302277/302276/310309/index.html"
"表13","出口主要商品量值表","人民币","出口",2015,"2","www.customs.gov.cn/customs/302249/302274/302277/302276/310343/index.html"
"表13","出口主要商品量值表","人民币","出口",2015,"3","www.customs.gov.cn/customs/302249/302274/302277/302276/310377/index.html"
"表13","出口主要商品量值表","人民币","出口",2015,"4","www.customs.gov.cn/customs/302249/302274/302277/302276/310411/index.html"
"表13","出口主要商品量值表","人民币","出口",2015,"5","www.customs.gov.cn/customs/302249/302274/302277/302276/310445/index.html"
"表13","出口主要商品量值表","人民币","出口",2015,"6","www.customs.gov.cn/customs/302249/302274/302277/302276/310479/index.html"
"表13","出口主要商品量值表","人民币","出口",2015,"7","www.customs.gov.cn/customs/302249/302274/302277/302276/310514/index.html"
"表13","出口主要商品量值表","人民币","出口",2015,"8","www.customs.gov.cn/customs/302249/302274/302277/302276/310548/index.html"
"表13","出口主要商品量值表","人民币","出口",2015,"9","www.customs.gov.cn/customs/302249/302274/302277/302276/310582/index.html"
"表13","出口主要商品量值表","人民币","出口",2015,"10","www.customs.gov.cn/customs/302249/302274/302277/302276/310616/index.html"
"表13","出口主要商品量值表","人民币","出口",2015,"11","www.customs.gov.cn/customs/302249/302274/302277/302276/310651/index.html"
"表13","出口主要商品量值表","人民币","出口",2015,"12","www.customs.gov.cn/customs/302249/302274/302277/302276/310684/index.html"
"表13","出口主要商品量值表","美元","出口",2015,"1","www.customs.gov.cn/customs/302249/302274/302277/302276/310324/index.html"
"表13","出口主要商品量值表","美元","出口",2015,"2","www.customs.gov.cn/customs/302249/302274/302277/302276/310358/index.html"
"表13","出口主要商品量值表","美元","出口",2015,"3","www.customs.gov.cn/customs/302249/302274/302277/302276/310394/index.html"
"表13","出口主要商品量值表","美元","出口",2015,"4","www.customs.gov.cn/customs/302249/302274/302277/302276/310428/index.html"
"表13","出口主要商品量值表","美元","出口",2015,"5","www.customs.gov.cn/customs/302249/302274/302277/302276/310462/index.html"
"表13","出口主要商品量值表","美元","出口",2015,"6","www.customs.gov.cn/customs/302249/302274/302277/302276/310497/index.html"
"表13","出口主要商品量值表","美元","出口",2015,"7","www.customs.gov.cn/customs/302249/302274/302277/302276/310531/index.html"
"表13","出口主要商品量值表","美元","出口",2015,"8","www.customs.gov.cn/customs/302249/302274/302277/302276/310564/index.html"
"表13","出口主要商品量值表","美元","出口",2015,"9","www.customs.gov.cn/customs/302249/302274/302277/302276/310599/index.html"
"表13","出口主要商品量值表","美元","出口",2015,"10","www.customs.gov.cn/customs/302249/302274/302277/302276/310631/index.html"
"表13","出口主要商品量值表","美元","出口",2015,"11","www.customs.gov.cn/customs/302249/302274/302277/302276/310665/index.html"
"表13","出口主要商品量值表","美元","出口",2015,"12","www.customs.gov.cn/customs/302249/302274/302277/302276/310701/index.html"
"表13","出口主要商品量值表","人民币","出口",2014,"1",NA
"表13","出口主要商品量值表","人民币","出口",2014,"2",NA
"表13","出口主要商品量值表","人民币","出口",2014,"3",NA
"表13","出口主要商品量值表","人民币","出口",2014,"4",NA
"表13","出口主要商品量值表","人民币","出口",2014,"5",NA
"表13","出口主要商品量值表","人民币","出口",2014,"6","www.customs.gov.cn/customs/302249/302274/302277/302276/310071/index.html"
"表13","出口主要商品量值表","人民币","出口",2014,"7","www.customs.gov.cn/customs/302249/302274/302277/302276/310106/index.html"
"表13","出口主要商品量值表","人民币","出口",2014,"8","www.customs.gov.cn/customs/302249/302274/302277/302276/310139/index.html"
"表13","出口主要商品量值表","人民币","出口",2014,"9","www.customs.gov.cn/customs/302249/302274/302277/302276/310173/index.html"
"表13","出口主要商品量值表","人民币","出口",2014,"10","www.customs.gov.cn/customs/302249/302274/302277/302276/310207/index.html"
"表13","出口主要商品量值表","人民币","出口",2014,"11","www.customs.gov.cn/customs/302249/302274/302277/302276/310257/index.html"
"表13","出口主要商品量值表","人民币","出口",2014,"12","www.customs.gov.cn/customs/302249/302274/302277/302276/310275/index.html"
"表13","出口主要商品量值表","美元","出口",2014,"1",NA
"表13","出口主要商品量值表","美元","出口",2014,"2",NA
"表13","出口主要商品量值表","美元","出口",2014,"3",NA
"表13","出口主要商品量值表","美元","出口",2014,"4",NA
"表13","出口主要商品量值表","美元","出口",2014,"5",NA
"表13","出口主要商品量值表","美元","出口",2014,"6","www.customs.gov.cn/customs/302249/302274/302277/302276/310086/index.html"
"表13","出口主要商品量值表","美元","出口",2014,"7","www.customs.gov.cn/customs/302249/302274/302277/302276/310120/index.html"
"表13","出口主要商品量值表","美元","出口",2014,"8","www.customs.gov.cn/customs/302249/302274/302277/302276/310152/index.html"
"表13","出口主要商品量值表","美元","出口",2014,"9","www.customs.gov.cn/customs/302249/302274/302277/302276/310188/index.html"
"表13","出口主要商品量值表","美元","出口",2014,"10","www.customs.gov.cn/customs/302249/302274/302277/302276/310222/index.html"
"表13","出口主要商品量值表","美元","出口",2014,"11","www.customs.gov.cn/customs/302249/302274/302277/302276/310255/index.html"
"表13","出口主要商品量值表","美元","出口",2014,"12","www.customs.gov.cn/customs/302249/302274/302277/302276/310290/index.html"
"表14","进口主要商品量值表","人民币","进口",2020,"1-2","www.customs.gov.cn/customs/302249/302274/302277/302276/2913425/index.html"
"表14","进口主要商品量值表","人民币","进口",2020,"3","www.customs.gov.cn/customs/302249/302274/302277/302276/3017224/index.html"
"表14","进口主要商品量值表","人民币","进口",2020,"4","www.customs.gov.cn/customs/302249/302274/302277/302276/3073826/index.html"
"表14","进口主要商品量值表","人民币","进口",2020,"5 ","www.customs.gov.cn/customs/302249/302274/302277/302276/3155203/index.html"
"表14","进口主要商品量值表","人民币","进口",2020,"6",NA
"表14","进口主要商品量值表","人民币","进口",2020,"7",NA
"表14","进口主要商品量值表","人民币","进口",2020,"8",NA
"表14","进口主要商品量值表","人民币","进口",2020,"9",NA
"表14","进口主要商品量值表","人民币","进口",2020,"10",NA
"表14","进口主要商品量值表","人民币","进口",2020,"11",NA
"表14","进口主要商品量值表","人民币","进口",2020,"12",NA
"表14","进口主要商品量值表","美元","进口",2020,"1-2","www.customs.gov.cn/customs/302249/302274/302277/302276/2914099/index.html"
"表14","进口主要商品量值表","美元","进口",2020,"3","www.customs.gov.cn/customs/302249/302274/302277/302276/3017385/index.html"
"表14","进口主要商品量值表","美元","进口",2020,"4","www.customs.gov.cn/customs/302249/302274/302277/302276/3073913/index.html"
"表14","进口主要商品量值表","美元","进口",2020,"5 ","www.customs.gov.cn/customs/302249/302274/302277/302276/3155352/index.html"
"表14","进口主要商品量值表","美元","进口",2020,"6",NA
"表14","进口主要商品量值表","美元","进口",2020,"7",NA
"表14","进口主要商品量值表","美元","进口",2020,"8",NA
"表14","进口主要商品量值表","美元","进口",2020,"9",NA
"表14","进口主要商品量值表","美元","进口",2020,"10",NA
"表14","进口主要商品量值表","美元","进口",2020,"11",NA
"表14","进口主要商品量值表","美元","进口",2020,"12",NA
"表14","进口主要商品量值表","人民币","进口",2019,"1","www.customs.gov.cn/customs/302249/302274/302277/302276/2314405/index.html"
"表14","进口主要商品量值表","人民币","进口",2019,"2","www.customs.gov.cn/customs/302249/302274/302277/302276/2352991/index.html"
"表14","进口主要商品量值表","人民币","进口",2019,"3","www.customs.gov.cn/customs/302249/302274/302277/302276/2391946/index.html"
"表14","进口主要商品量值表","人民币","进口",2019,"4","www.customs.gov.cn/customs/302249/302274/302277/302276/2447597/index.html"
"表14","进口主要商品量值表","人民币","进口",2019,"5","www.customs.gov.cn/customs/302249/302274/302277/302276/2513999/index.html"
"表14","进口主要商品量值表","人民币","进口",2019,"6","www.customs.gov.cn/customs/302249/302274/302277/302276/2546306/index.html"
"表14","进口主要商品量值表","人民币","进口",2019,"7","www.customs.gov.cn/customs/302249/302274/302277/302276/2573628/index.html"
"表14","进口主要商品量值表","人民币","进口",2019,"8","www.customs.gov.cn/customs/302249/302274/302277/302276/2604033/index.html"
"表14","进口主要商品量值表","人民币","进口",2019,"9","www.customs.gov.cn/customs/302249/302274/302277/302276/2653545/index.html"
"表14","进口主要商品量值表","人民币","进口",2019,"10","www.customs.gov.cn/customs/302249/302274/302277/302276/2709016/index.html"
"表14","进口主要商品量值表","人民币","进口",2019,"11","www.customs.gov.cn/customs/302249/302274/302277/302276/2791185/index.html"
"表14","进口主要商品量值表","人民币","进口",2019,"12","www.customs.gov.cn/customs/302249/302274/302277/302276/2851365/index.html"
"表14","进口主要商品量值表","美元","进口",2019,"1","www.customs.gov.cn/customs/302249/302274/302277/302276/2314597/index.html"
"表14","进口主要商品量值表","美元","进口",2019,"2","www.customs.gov.cn/customs/302249/302274/302277/302276/2353055/index.html"
"表14","进口主要商品量值表","美元","进口",2019,"3","www.customs.gov.cn/customs/302249/302274/302277/302276/2392288/index.html"
"表14","进口主要商品量值表","美元","进口",2019,"4","www.customs.gov.cn/customs/302249/302274/302277/302276/2448420/index.html"
"表14","进口主要商品量值表","美元","进口",2019,"5","www.customs.gov.cn/customs/302249/302274/302277/302276/2514060/index.html"
"表14","进口主要商品量值表","美元","进口",2019,"6","www.customs.gov.cn/customs/302249/302274/302277/302276/2546603/index.html"
"表14","进口主要商品量值表","美元","进口",2019,"7","www.customs.gov.cn/customs/302249/302274/302277/302276/2573810/index.html"
"表14","进口主要商品量值表","美元","进口",2019,"8","www.customs.gov.cn/customs/302249/302274/302277/302276/2604221/index.html"
"表14","进口主要商品量值表","美元","进口",2019,"9","www.customs.gov.cn/customs/302249/302274/302277/302276/2653874/index.html"
"表14","进口主要商品量值表","美元","进口",2019,"10","www.customs.gov.cn/customs/302249/302274/302277/302276/2709109/index.html"
"表14","进口主要商品量值表","美元","进口",2019,"11","www.customs.gov.cn/customs/302249/302274/302277/302276/2791508/index.html"
"表14","进口主要商品量值表","美元","进口",2019,"12","www.customs.gov.cn/customs/302249/302274/302277/302276/2851459/index.html"
"表14","进口主要商品量值表","人民币","进口",2018,"1 ","www.customs.gov.cn/customs/302249/302274/302277/302276/1466752/index.html"
"表14","进口主要商品量值表","人民币","进口",2018,"2 ","www.customs.gov.cn/customs/302249/302274/302277/302276/1475257/index.html"
"表14","进口主要商品量值表","人民币","进口",2018,"3 ","www.customs.gov.cn/customs/302249/302274/302277/302276/1761780/index.html"
"表14","进口主要商品量值表","人民币","进口",2018,"4 ","www.customs.gov.cn/customs/302249/302274/302277/302276/1857740/index.html"
"表14","进口主要商品量值表","人民币","进口",2018,"5 ","www.customs.gov.cn/customs/302249/302274/302277/302276/1899390/index.html"
"表14","进口主要商品量值表","人民币","进口",2018,"6","www.customs.gov.cn/customs/302249/302274/302277/302276/1940005/index.html"
"表14","进口主要商品量值表","人民币","进口",2018,"7","www.customs.gov.cn/customs/302249/302274/302277/302276/1975174/index.html"
"表14","进口主要商品量值表","人民币","进口",2018,"8","www.customs.gov.cn/customs/302249/302274/302277/302276/2020703/index.html"
"表14","进口主要商品量值表","人民币","进口",2018,"9","www.customs.gov.cn/customs/302249/302274/302277/302276/2050216/index.html"
"表14","进口主要商品量值表","人民币","进口",2018,"10","www.customs.gov.cn/customs/302249/302274/302277/302276/2112851/index.html"
"表14","进口主要商品量值表","人民币","进口",2018,"11","www.customs.gov.cn/customs/302249/302274/302277/302276/2153616/index.html"
"表14","进口主要商品量值表","人民币","进口",2018,"12","www.customs.gov.cn/customs/302249/302274/302277/302276/2278855/index.html"
"表14","进口主要商品量值表","美元","进口",2018,"1 ","www.customs.gov.cn/customs/302249/302274/302277/302276/1466851/index.html"
"表14","进口主要商品量值表","美元","进口",2018,"2 ","www.customs.gov.cn/customs/302249/302274/302277/302276/1475350/index.html"
"表14","进口主要商品量值表","美元","进口",2018,"3 ","www.customs.gov.cn/customs/302249/302274/302277/302276/1761996/index.html"
"表14","进口主要商品量值表","美元","进口",2018,"4 ","www.customs.gov.cn/customs/302249/302274/302277/302276/1858124/index.html"
"表14","进口主要商品量值表","美元","进口",2018,"5 ","www.customs.gov.cn/customs/302249/302274/302277/302276/1899441/index.html"
"表14","进口主要商品量值表","美元","进口",2018,"6","www.customs.gov.cn/customs/302249/302274/302277/302276/1940141/index.html"
"表14","进口主要商品量值表","美元","进口",2018,"7","www.customs.gov.cn/customs/302249/302274/302277/302276/1975248/index.html"
"表14","进口主要商品量值表","美元","进口",2018,"8","www.customs.gov.cn/customs/302249/302274/302277/302276/2020768/index.html"
"表14","进口主要商品量值表","美元","进口",2018,"9","www.customs.gov.cn/customs/302249/302274/302277/302276/2050306/index.html"
"表14","进口主要商品量值表","美元","进口",2018,"10","www.customs.gov.cn/customs/302249/302274/302277/302276/2113035/index.html"
"表14","进口主要商品量值表","美元","进口",2018,"11","www.customs.gov.cn/customs/302249/302274/302277/302276/2153672/index.html"
"表14","进口主要商品量值表","美元","进口",2018,"12","www.customs.gov.cn/customs/302249/302274/302277/302276/2279050/index.html"
"表14","进口主要商品量值表","人民币","进口",2017,"1","www.customs.gov.cn/customs/302249/302274/302277/302276/632036/index.html"
"表14","进口主要商品量值表","人民币","进口",2017,"2","www.customs.gov.cn/customs/302249/302274/302277/302276/632070/index.html"
"表14","进口主要商品量值表","人民币","进口",2017,"3","www.customs.gov.cn/customs/302249/302274/302277/302276/632104/index.html"
"表14","进口主要商品量值表","人民币","进口",2017,"4","www.customs.gov.cn/customs/302249/302274/302277/302276/632138/index.html"
"表14","进口主要商品量值表","人民币","进口",2017,"5","www.customs.gov.cn/customs/302249/302274/302277/302276/702163/index.html"
"表14","进口主要商品量值表","人民币","进口",2017,"6","www.customs.gov.cn/customs/302249/302274/302277/302276/715991/index.html"
"表14","进口主要商品量值表","人民币","进口",2017,"7","www.customs.gov.cn/customs/302249/302274/302277/302276/725338/index.html"
"表14","进口主要商品量值表","人民币","进口",2017,"8","www.customs.gov.cn/customs/302249/302274/302277/302276/733978/index.html"
"表14","进口主要商品量值表","人民币","进口",2017,"9","www.customs.gov.cn/customs/302249/302274/302277/302276/737410/index.html"
"表14","进口主要商品量值表","人民币","进口",2017,"10 ","www.customs.gov.cn/customs/302249/302274/302277/302276/747781/index.html"
"表14","进口主要商品量值表","人民币","进口",2017,"11 ","www.customs.gov.cn/customs/302249/302274/302277/302276/760856/index.html"
"表14","进口主要商品量值表","人民币","进口",2017,"12 ","www.customs.gov.cn/customs/302249/302274/302277/302276/1421206/index.html"
"表14","进口主要商品量值表","美元","进口",2017,"1","www.customs.gov.cn/customs/302249/302274/302277/302276/632053/index.html"
"表14","进口主要商品量值表","美元","进口",2017,"2","www.customs.gov.cn/customs/302249/302274/302277/302276/632087/index.html"
"表14","进口主要商品量值表","美元","进口",2017,"3","www.customs.gov.cn/customs/302249/302274/302277/302276/632121/index.html"
"表14","进口主要商品量值表","美元","进口",2017,"4","www.customs.gov.cn/customs/302249/302274/302277/302276/632153/index.html"
"表14","进口主要商品量值表","美元","进口",2017,"5","www.customs.gov.cn/customs/302249/302274/302277/302276/702180/index.html"
"表14","进口主要商品量值表","美元","进口",2017,"6","www.customs.gov.cn/customs/302249/302274/302277/302276/716048/index.html"
"表14","进口主要商品量值表","美元","进口",2017,"7","www.customs.gov.cn/customs/302249/302274/302277/302276/725465/index.html"
"表14","进口主要商品量值表","美元","进口",2017,"8","www.customs.gov.cn/customs/302249/302274/302277/302276/734051/index.html"
"表14","进口主要商品量值表","美元","进口",2017,"9","www.customs.gov.cn/customs/302249/302274/302277/302276/737461/index.html"
"表14","进口主要商品量值表","美元","进口",2017,"10 ","www.customs.gov.cn/customs/302249/302274/302277/302276/747832/index.html"
"表14","进口主要商品量值表","美元","进口",2017,"11 ","www.customs.gov.cn/customs/302249/302274/302277/302276/760907/index.html"
"表14","进口主要商品量值表","美元","进口",2017,"12 ","www.customs.gov.cn/customs/302249/302274/302277/302276/1421314/index.html"
"表14","进口主要商品量值表","人民币","进口",2016,"1","www.customs.gov.cn/customs/302249/302274/302277/302276/310719/index.html"
"表14","进口主要商品量值表","人民币","进口",2016,"2","www.customs.gov.cn/customs/302249/302274/302277/302276/310753/index.html"
"表14","进口主要商品量值表","人民币","进口",2016,"3","www.customs.gov.cn/customs/302249/302274/302277/302276/310787/index.html"
"表14","进口主要商品量值表","人民币","进口",2016,"4","www.customs.gov.cn/customs/302249/302274/302277/302276/310821/index.html"
"表14","进口主要商品量值表","人民币","进口",2016,"5","www.customs.gov.cn/customs/302249/302274/302277/302276/631767/index.html"
"表14","进口主要商品量值表","人民币","进口",2016,"6","www.customs.gov.cn/customs/302249/302274/302277/302276/631801/index.html"
"表14","进口主要商品量值表","人民币","进口",2016,"7","www.customs.gov.cn/customs/302249/302274/302277/302276/631835/index.html"
"表14","进口主要商品量值表","人民币","进口",2016,"8","www.customs.gov.cn/customs/302249/302274/302277/302276/631869/index.html"
"表14","进口主要商品量值表","人民币","进口",2016,"9","www.customs.gov.cn/customs/302249/302274/302277/302276/631903/index.html"
"表14","进口主要商品量值表","人民币","进口",2016,"10","www.customs.gov.cn/customs/302249/302274/302277/302276/631937/index.html"
"表14","进口主要商品量值表","人民币","进口",2016,"11","www.customs.gov.cn/customs/302249/302274/302277/302276/631971/index.html"
"表14","进口主要商品量值表","人民币","进口",2016,"12","www.customs.gov.cn/customs/302249/302274/302277/302276/632005/index.html"
"表14","进口主要商品量值表","美元","进口",2016,"1","www.customs.gov.cn/customs/302249/302274/302277/302276/310736/index.html"
"表14","进口主要商品量值表","美元","进口",2016,"2","www.customs.gov.cn/customs/302249/302274/302277/302276/310770/index.html"
"表14","进口主要商品量值表","美元","进口",2016,"3","www.customs.gov.cn/customs/302249/302274/302277/302276/310804/index.html"
"表14","进口主要商品量值表","美元","进口",2016,"4","www.customs.gov.cn/customs/302249/302274/302277/302276/310838/index.html"
"表14","进口主要商品量值表","美元","进口",2016,"5","www.customs.gov.cn/customs/302249/302274/302277/302276/631784/index.html"
"表14","进口主要商品量值表","美元","进口",2016,"6","www.customs.gov.cn/customs/302249/302274/302277/302276/631818/index.html"
"表14","进口主要商品量值表","美元","进口",2016,"7","www.customs.gov.cn/customs/302249/302274/302277/302276/631852/index.html"
"表14","进口主要商品量值表","美元","进口",2016,"8","www.customs.gov.cn/customs/302249/302274/302277/302276/631886/index.html"
"表14","进口主要商品量值表","美元","进口",2016,"9","www.customs.gov.cn/customs/302249/302274/302277/302276/631918/index.html"
"表14","进口主要商品量值表","美元","进口",2016,"10","www.customs.gov.cn/customs/302249/302274/302277/302276/631954/index.html"
"表14","进口主要商品量值表","美元","进口",2016,"11","www.customs.gov.cn/customs/302249/302274/302277/302276/631988/index.html"
"表14","进口主要商品量值表","美元","进口",2016,"12","www.customs.gov.cn/customs/302249/302274/302277/302276/632020/index.html"
"表14","进口主要商品量值表","人民币","进口",2015,"1",NA
"表14","进口主要商品量值表","人民币","进口",2015,"2","www.customs.gov.cn/customs/302249/302274/302277/302276/310344/index.html"
"表14","进口主要商品量值表","人民币","进口",2015,"3","www.customs.gov.cn/customs/302249/302274/302277/302276/310378/index.html"
"表14","进口主要商品量值表","人民币","进口",2015,"4","www.customs.gov.cn/customs/302249/302274/302277/302276/310412/index.html"
"表14","进口主要商品量值表","人民币","进口",2015,"5","www.customs.gov.cn/customs/302249/302274/302277/302276/310446/index.html"
"表14","进口主要商品量值表","人民币","进口",2015,"6","www.customs.gov.cn/customs/302249/302274/302277/302276/310480/index.html"
"表14","进口主要商品量值表","人民币","进口",2015,"7","www.customs.gov.cn/customs/302249/302274/302277/302276/310515/index.html"
"表14","进口主要商品量值表","人民币","进口",2015,"8","www.customs.gov.cn/customs/302249/302274/302277/302276/310549/index.html"
"表14","进口主要商品量值表","人民币","进口",2015,"9","www.customs.gov.cn/customs/302249/302274/302277/302276/310583/index.html"
"表14","进口主要商品量值表","人民币","进口",2015,"10","www.customs.gov.cn/customs/302249/302274/302277/302276/310636/index.html"
"表14","进口主要商品量值表","人民币","进口",2015,"11","www.customs.gov.cn/customs/302249/302274/302277/302276/310650/index.html"
"表14","进口主要商品量值表","人民币","进口",2015,"12","www.customs.gov.cn/customs/302249/302274/302277/302276/310685/index.html"
"表14","进口主要商品量值表","美元","进口",2015,"1","www.customs.gov.cn/customs/302249/302274/302277/302276/310325/index.html"
"表14","进口主要商品量值表","美元","进口",2015,"2","www.customs.gov.cn/customs/302249/302274/302277/302276/310359/index.html"
"表14","进口主要商品量值表","美元","进口",2015,"3","www.customs.gov.cn/customs/302249/302274/302277/302276/310395/index.html"
"表14","进口主要商品量值表","美元","进口",2015,"4","www.customs.gov.cn/customs/302249/302274/302277/302276/310429/index.html"
"表14","进口主要商品量值表","美元","进口",2015,"5","www.customs.gov.cn/customs/302249/302274/302277/302276/310463/index.html"
"表14","进口主要商品量值表","美元","进口",2015,"6","www.customs.gov.cn/customs/302249/302274/302277/302276/310498/index.html"
"表14","进口主要商品量值表","美元","进口",2015,"7","www.customs.gov.cn/customs/302249/302274/302277/302276/310532/index.html"
"表14","进口主要商品量值表","美元","进口",2015,"8","www.customs.gov.cn/customs/302249/302274/302277/302276/310565/index.html"
"表14","进口主要商品量值表","美元","进口",2015,"9","www.customs.gov.cn/customs/302249/302274/302277/302276/310600/index.html"
"表14","进口主要商品量值表","美元","进口",2015,"10","www.customs.gov.cn/customs/302249/302274/302277/302276/310632/index.html"
"表14","进口主要商品量值表","美元","进口",2015,"11","www.customs.gov.cn/customs/302249/302274/302277/302276/310666/index.html"
"表14","进口主要商品量值表","美元","进口",2015,"12","www.customs.gov.cn/customs/302249/302274/302277/302276/310702/index.html"
"表14","进口主要商品量值表","人民币","进口",2014,"1",NA
"表14","进口主要商品量值表","人民币","进口",2014,"2",NA
"表14","进口主要商品量值表","人民币","进口",2014,"3",NA
"表14","进口主要商品量值表","人民币","进口",2014,"4",NA
"表14","进口主要商品量值表","人民币","进口",2014,"5",NA
"表14","进口主要商品量值表","人民币","进口",2014,"6","www.customs.gov.cn/customs/302249/302274/302277/302276/310072/index.html"
"表14","进口主要商品量值表","人民币","进口",2014,"7","www.customs.gov.cn/customs/302249/302274/302277/302276/310105/index.html"
"表14","进口主要商品量值表","人民币","进口",2014,"8","www.customs.gov.cn/customs/302249/302274/302277/302276/310140/index.html"
"表14","进口主要商品量值表","人民币","进口",2014,"9","www.customs.gov.cn/customs/302249/302274/302277/302276/310174/index.html"
"表14","进口主要商品量值表","人民币","进口",2014,"10","www.customs.gov.cn/customs/302249/302274/302277/302276/310208/index.html"
"表14","进口主要商品量值表","人民币","进口",2014,"11","www.customs.gov.cn/customs/302249/302274/302277/302276/310241/index.html"
"表14","进口主要商品量值表","人民币","进口",2014,"12","www.customs.gov.cn/customs/302249/302274/302277/302276/310276/index.html"
"表14","进口主要商品量值表","美元","进口",2014,"1",NA
"表14","进口主要商品量值表","美元","进口",2014,"2",NA
"表14","进口主要商品量值表","美元","进口",2014,"3",NA
"表14","进口主要商品量值表","美元","进口",2014,"4",NA
"表14","进口主要商品量值表","美元","进口",2014,"5",NA
"表14","进口主要商品量值表","美元","进口",2014,"6","www.customs.gov.cn/customs/302249/302274/302277/302276/310087/index.html"
"表14","进口主要商品量值表","美元","进口",2014,"7","www.customs.gov.cn/customs/302249/302274/302277/302276/310121/index.html"
"表14","进口主要商品量值表","美元","进口",2014,"8","www.customs.gov.cn/customs/302249/302274/302277/302276/310153/index.html"
"表14","进口主要商品量值表","美元","进口",2014,"9","www.customs.gov.cn/customs/302249/302274/302277/302276/310189/index.html"
"表14","进口主要商品量值表","美元","进口",2014,"10","www.customs.gov.cn/customs/302249/302274/302277/302276/310223/index.html"
"表14","进口主要商品量值表","美元","进口",2014,"11","www.customs.gov.cn/customs/302249/302274/302277/302276/310256/index.html"
"表14","进口主要商品量值表","美元","进口",2014,"12","www.customs.gov.cn/customs/302249/302274/302277/302276/310291/index.html"
"表15","出口商品类章金额表","人民币","出口",2020,"1-2","www.customs.gov.cn/customs/302249/302274/302277/302276/2913501/index.html"
"表15","出口商品类章金额表","人民币","出口",2020,"3","www.customs.gov.cn/customs/302249/302274/302277/302276/3017229/index.html"
"表15","出口商品类章金额表","人民币","出口",2020,"4","www.customs.gov.cn/customs/302249/302274/302277/302276/3073830/index.html"
"表15","出口商品类章金额表","人民币","出口",2020,"5 ","www.customs.gov.cn/customs/302249/302274/302277/302276/3155238/index.html"
"表15","出口商品类章金额表","人民币","出口",2020,"6",NA
"表15","出口商品类章金额表","人民币","出口",2020,"7",NA
"表15","出口商品类章金额表","人民币","出口",2020,"8",NA
"表15","出口商品类章金额表","人民币","出口",2020,"9",NA
"表15","出口商品类章金额表","人民币","出口",2020,"10",NA
"表15","出口商品类章金额表","人民币","出口",2020,"11",NA
"表15","出口商品类章金额表","人民币","出口",2020,"12",NA
"表15","出口商品类章金额表","美元","出口",2020,"1-2","www.customs.gov.cn/customs/302249/302274/302277/302276/2914111/index.html"
"表15","出口商品类章金额表","美元","出口",2020,"3","www.customs.gov.cn/customs/302249/302274/302277/302276/3017400/index.html"
"表15","出口商品类章金额表","美元","出口",2020,"4","www.customs.gov.cn/customs/302249/302274/302277/302276/3073917/index.html"
"表15","出口商品类章金额表","美元","出口",2020,"5 ","www.customs.gov.cn/customs/302249/302274/302277/302276/3155356/index.html"
"表15","出口商品类章金额表","美元","出口",2020,"6",NA
"表15","出口商品类章金额表","美元","出口",2020,"7",NA
"表15","出口商品类章金额表","美元","出口",2020,"8",NA
"表15","出口商品类章金额表","美元","出口",2020,"9",NA
"表15","出口商品类章金额表","美元","出口",2020,"10",NA
"表15","出口商品类章金额表","美元","出口",2020,"11",NA
"表15","出口商品类章金额表","美元","出口",2020,"12",NA
"表15","出口商品类章金额表","人民币","出口",2019,"1","www.customs.gov.cn/customs/302249/302274/302277/302276/2314416/index.html"
"表15","出口商品类章金额表","人民币","出口",2019,"2","www.customs.gov.cn/customs/302249/302274/302277/302276/2353001/index.html"
"表15","出口商品类章金额表","人民币","出口",2019,"3","www.customs.gov.cn/customs/302249/302274/302277/302276/2391992/index.html"
"表15","出口商品类章金额表","人民币","出口",2019,"4","www.customs.gov.cn/customs/302249/302274/302277/302276/2447653/index.html"
"表15","出口商品类章金额表","人民币","出口",2019,"5","www.customs.gov.cn/customs/302249/302274/302277/302276/2514002/index.html"
"表15","出口商品类章金额表","人民币","出口",2019,"6","www.customs.gov.cn/customs/302249/302274/302277/302276/2546321/index.html"
"表15","出口商品类章金额表","人民币","出口",2019,"7","www.customs.gov.cn/customs/302249/302274/302277/302276/2573678/index.html"
"表15","出口商品类章金额表","人民币","出口",2019,"8","www.customs.gov.cn/customs/302249/302274/302277/302276/2604047/index.html"
"表15","出口商品类章金额表","人民币","出口",2019,"9","www.customs.gov.cn/customs/302249/302274/302277/302276/2653552/index.html"
"表15","出口商品类章金额表","人民币","出口",2019,"10","www.customs.gov.cn/customs/302249/302274/302277/302276/2709020/index.html"
"表15","出口商品类章金额表","人民币","出口",2019,"11","www.customs.gov.cn/customs/302249/302274/302277/302276/2791204/index.html"
"表15","出口商品类章金额表","人民币","出口",2019,"12","www.customs.gov.cn/customs/302249/302274/302277/302276/2851371/index.html"
"表15","出口商品类章金额表","美元","出口",2019,"1","www.customs.gov.cn/customs/302249/302274/302277/302276/2314600/index.html"
"表15","出口商品类章金额表","美元","出口",2019,"2","www.customs.gov.cn/customs/302249/302274/302277/302276/2353058/index.html"
"表15","出口商品类章金额表","美元","出口",2019,"3","www.customs.gov.cn/customs/302249/302274/302277/302276/2392297/index.html"
"表15","出口商品类章金额表","美元","出口",2019,"4","www.customs.gov.cn/customs/302249/302274/302277/302276/2448469/index.html"
"表15","出口商品类章金额表","美元","出口",2019,"5","www.customs.gov.cn/customs/302249/302274/302277/302276/2514063/index.html"
"表15","出口商品类章金额表","美元","出口",2019,"6","www.customs.gov.cn/customs/302249/302274/302277/302276/2546628/index.html"
"表15","出口商品类章金额表","美元","出口",2019,"7","www.customs.gov.cn/customs/302249/302274/302277/302276/2573864/index.html"
"表15","出口商品类章金额表","美元","出口",2019,"8","www.customs.gov.cn/customs/302249/302274/302277/302276/2604226/index.html"
"表15","出口商品类章金额表","美元","出口",2019,"9","www.customs.gov.cn/customs/302249/302274/302277/302276/2653909/index.html"
"表15","出口商品类章金额表","美元","出口",2019,"10","www.customs.gov.cn/customs/302249/302274/302277/302276/2709113/index.html"
"表15","出口商品类章金额表","美元","出口",2019,"11","www.customs.gov.cn/customs/302249/302274/302277/302276/2791530/index.html"
"表15","出口商品类章金额表","美元","出口",2019,"12","www.customs.gov.cn/customs/302249/302274/302277/302276/2851466/index.html"
"表15","出口商品类章金额表","人民币","出口",2018,"1 ","www.customs.gov.cn/customs/302249/302274/302277/302276/1466757/index.html"
"表15","出口商品类章金额表","人民币","出口",2018,"2 ","www.customs.gov.cn/customs/302249/302274/302277/302276/1475263/index.html"
"表15","出口商品类章金额表","人民币","出口",2018,"3 ","www.customs.gov.cn/customs/302249/302274/302277/302276/1762014/index.html"
"表15","出口商品类章金额表","人民币","出口",2018,"4 ","www.customs.gov.cn/customs/302249/302274/302277/302276/1858134/index.html"
"表15","出口商品类章金额表","人民币","出口",2018,"5 ","www.customs.gov.cn/customs/302249/302274/302277/302276/1899393/index.html"
"表15","出口商品类章金额表","人民币","出口",2018,"6","www.customs.gov.cn/customs/302249/302274/302277/302276/1940009/index.html"
"表15","出口商品类章金额表","人民币","出口",2018,"7","www.customs.gov.cn/customs/302249/302274/302277/302276/1975200/index.html"
"表15","出口商品类章金额表","人民币","出口",2018,"8","www.customs.gov.cn/customs/302249/302274/302277/302276/2020706/index.html"
"表15","出口商品类章金额表","人民币","出口",2018,"9","www.customs.gov.cn/customs/302249/302274/302277/302276/2050219/index.html"
"表15","出口商品类章金额表","人民币","出口",2018,"10","www.customs.gov.cn/customs/302249/302274/302277/302276/2112859/index.html"
"表15","出口商品类章金额表","人民币","出口",2018,"11","www.customs.gov.cn/customs/302249/302274/302277/302276/2153619/index.html"
"表15","出口商品类章金额表","人民币","出口",2018,"12","www.customs.gov.cn/customs/302249/302274/302277/302276/2278890/index.html"
"表15","出口商品类章金额表","美元","出口",2018,"1 ","www.customs.gov.cn/customs/302249/302274/302277/302276/1466854/index.html"
"表15","出口商品类章金额表","美元","出口",2018,"2 ","www.customs.gov.cn/customs/302249/302274/302277/302276/1475353/index.html"
"表15","出口商品类章金额表","美元","出口",2018,"3 ","www.customs.gov.cn/customs/302249/302274/302277/302276/1762007/index.html"
"表15","出口商品类章金额表","美元","出口",2018,"4 ","www.customs.gov.cn/customs/302249/302274/302277/302276/1858127/index.html"
"表15","出口商品类章金额表","美元","出口",2018,"5 ","www.customs.gov.cn/customs/302249/302274/302277/302276/1899444/index.html"
"表15","出口商品类章金额表","美元","出口",2018,"6","www.customs.gov.cn/customs/302249/302274/302277/302276/1940160/index.html"
"表15","出口商品类章金额表","美元","出口",2018,"7","www.customs.gov.cn/customs/302249/302274/302277/302276/1975251/index.html"
"表15","出口商品类章金额表","美元","出口",2018,"8","www.customs.gov.cn/customs/302249/302274/302277/302276/2020771/index.html"
"表15","出口商品类章金额表","美元","出口",2018,"9","www.customs.gov.cn/customs/302249/302274/302277/302276/2050309/index.html"
"表15","出口商品类章金额表","美元","出口",2018,"10","www.customs.gov.cn/customs/302249/302274/302277/302276/2113041/index.html"
"表15","出口商品类章金额表","美元","出口",2018,"11","www.customs.gov.cn/customs/302249/302274/302277/302276/2153675/index.html"
"表15","出口商品类章金额表","美元","出口",2018,"12","www.customs.gov.cn/customs/302249/302274/302277/302276/2279069/index.html"
"表15","出口商品类章金额表","人民币","出口",2017,"1","www.customs.gov.cn/customs/302249/302274/302277/302276/632037/index.html"
"表15","出口商品类章金额表","人民币","出口",2017,"2","www.customs.gov.cn/customs/302249/302274/302277/302276/632071/index.html"
"表15","出口商品类章金额表","人民币","出口",2017,"3","www.customs.gov.cn/customs/302249/302274/302277/302276/632105/index.html"
"表15","出口商品类章金额表","人民币","出口",2017,"4","www.customs.gov.cn/customs/302249/302274/302277/302276/632156/index.html"
"表15","出口商品类章金额表","人民币","出口",2017,"5","www.customs.gov.cn/customs/302249/302274/302277/302276/702183/index.html"
"表15","出口商品类章金额表","人民币","出口",2017,"6","www.customs.gov.cn/customs/302249/302274/302277/302276/715996/index.html"
"表15","出口商品类章金额表","人民币","出口",2017,"7","www.customs.gov.cn/customs/302249/302274/302277/302276/725341/index.html"
"表15","出口商品类章金额表","人民币","出口",2017,"8","www.customs.gov.cn/customs/302249/302274/302277/302276/734054/index.html"
"表15","出口商品类章金额表","人民币","出口",2017,"9","www.customs.gov.cn/customs/302249/302274/302277/302276/737413/index.html"
"表15","出口商品类章金额表","人民币","出口",2017,"10 ","www.customs.gov.cn/customs/302249/302274/302277/302276/747784/index.html"
"表15","出口商品类章金额表","人民币","出口",2017,"11 ","www.customs.gov.cn/customs/302249/302274/302277/302276/760859/index.html"
"表15","出口商品类章金额表","人民币","出口",2017,"12 ","www.customs.gov.cn/customs/302249/302274/302277/302276/1421214/index.html"
"表15","出口商品类章金额表","美元","出口",2017,"1","www.customs.gov.cn/customs/302249/302274/302277/302276/632054/index.html"
"表15","出口商品类章金额表","美元","出口",2017,"2","www.customs.gov.cn/customs/302249/302274/302277/302276/632088/index.html"
"表15","出口商品类章金额表","美元","出口",2017,"3","www.customs.gov.cn/customs/302249/302274/302277/302276/632122/index.html"
"表15","出口商品类章金额表","美元","出口",2017,"4","www.customs.gov.cn/customs/302249/302274/302277/302276/632154/index.html"
"表15","出口商品类章金额表","美元","出口",2017,"5","www.customs.gov.cn/customs/302249/302274/302277/302276/702181/index.html"
"表15","出口商品类章金额表","美元","出口",2017,"6","www.customs.gov.cn/customs/302249/302274/302277/302276/716051/index.html"
"表15","出口商品类章金额表","美元","出口",2017,"7","www.customs.gov.cn/customs/302249/302274/302277/302276/725468/index.html"
"表15","出口商品类章金额表","美元","出口",2017,"8","www.customs.gov.cn/customs/302249/302274/302277/302276/734061/index.html"
"表15","出口商品类章金额表","美元","出口",2017,"9","www.customs.gov.cn/customs/302249/302274/302277/302276/737464/index.html"
"表15","出口商品类章金额表","美元","出口",2017,"10 ","www.customs.gov.cn/customs/302249/302274/302277/302276/747835/index.html"
"表15","出口商品类章金额表","美元","出口",2017,"11 ","www.customs.gov.cn/customs/302249/302274/302277/302276/760910/index.html"
"表15","出口商品类章金额表","美元","出口",2017,"12 ","www.customs.gov.cn/customs/302249/302274/302277/302276/1421505/index.html"
"表15","出口商品类章金额表","人民币","出口",2016,"1","www.customs.gov.cn/customs/302249/302274/302277/302276/310720/index.html"
"表15","出口商品类章金额表","人民币","出口",2016,"2","www.customs.gov.cn/customs/302249/302274/302277/302276/310754/index.html"
"表15","出口商品类章金额表","人民币","出口",2016,"3","www.customs.gov.cn/customs/302249/302274/302277/302276/310788/index.html"
"表15","出口商品类章金额表","人民币","出口",2016,"4","www.customs.gov.cn/customs/302249/302274/302277/302276/310822/index.html"
"表15","出口商品类章金额表","人民币","出口",2016,"5","www.customs.gov.cn/customs/302249/302274/302277/302276/631768/index.html"
"表15","出口商品类章金额表","人民币","出口",2016,"6","www.customs.gov.cn/customs/302249/302274/302277/302276/631802/index.html"
"表15","出口商品类章金额表","人民币","出口",2016,"7","www.customs.gov.cn/customs/302249/302274/302277/302276/631836/index.html"
"表15","出口商品类章金额表","人民币","出口",2016,"8","www.customs.gov.cn/customs/302249/302274/302277/302276/631870/index.html"
"表15","出口商品类章金额表","人民币","出口",2016,"9","www.customs.gov.cn/customs/302249/302274/302277/302276/631919/index.html"
"表15","出口商品类章金额表","人民币","出口",2016,"10","www.customs.gov.cn/customs/302249/302274/302277/302276/631938/index.html"
"表15","出口商品类章金额表","人民币","出口",2016,"11","www.customs.gov.cn/customs/302249/302274/302277/302276/631972/index.html"
"表15","出口商品类章金额表","人民币","出口",2016,"12",NA
"表15","出口商品类章金额表","美元","出口",2016,"1","www.customs.gov.cn/customs/302249/302274/302277/302276/310737/index.html"
"表15","出口商品类章金额表","美元","出口",2016,"2","www.customs.gov.cn/customs/302249/302274/302277/302276/310771/index.html"
"表15","出口商品类章金额表","美元","出口",2016,"3","www.customs.gov.cn/customs/302249/302274/302277/302276/310805/index.html"
"表15","出口商品类章金额表","美元","出口",2016,"4","www.customs.gov.cn/customs/302249/302274/302277/302276/310839/index.html"
"表15","出口商品类章金额表","美元","出口",2016,"5","www.customs.gov.cn/customs/302249/302274/302277/302276/631785/index.html"
"表15","出口商品类章金额表","美元","出口",2016,"6","www.customs.gov.cn/customs/302249/302274/302277/302276/631819/index.html"
"表15","出口商品类章金额表","美元","出口",2016,"7","www.customs.gov.cn/customs/302249/302274/302277/302276/631853/index.html"
"表15","出口商品类章金额表","美元","出口",2016,"8","www.customs.gov.cn/customs/302249/302274/302277/302276/631887/index.html"
"表15","出口商品类章金额表","美元","出口",2016,"9","www.customs.gov.cn/customs/302249/302274/302277/302276/631921/index.html"
"表15","出口商品类章金额表","美元","出口",2016,"10","www.customs.gov.cn/customs/302249/302274/302277/302276/631955/index.html"
"表15","出口商品类章金额表","美元","出口",2016,"11","www.customs.gov.cn/customs/302249/302274/302277/302276/631990/index.html"
"表15","出口商品类章金额表","美元","出口",2016,"12","www.customs.gov.cn/customs/302249/302274/302277/302276/632021/index.html"
"表15","出口商品类章金额表","人民币","出口",2015,"1","www.customs.gov.cn/customs/302249/302274/302277/302276/310326/index.html"
"表15","出口商品类章金额表","人民币","出口",2015,"2","www.customs.gov.cn/customs/302249/302274/302277/302276/310360/index.html"
"表15","出口商品类章金额表","人民币","出口",2015,"3","www.customs.gov.cn/customs/302249/302274/302277/302276/310379/index.html"
"表15","出口商品类章金额表","人民币","出口",2015,"4","www.customs.gov.cn/customs/302249/302274/302277/302276/310413/index.html"
"表15","出口商品类章金额表","人民币","出口",2015,"5","www.customs.gov.cn/customs/302249/302274/302277/302276/310447/index.html"
"表15","出口商品类章金额表","人民币","出口",2015,"6","www.customs.gov.cn/customs/302249/302274/302277/302276/310481/index.html"
"表15","出口商品类章金额表","人民币","出口",2015,"7","www.customs.gov.cn/customs/302249/302274/302277/302276/310516/index.html"
"表15","出口商品类章金额表","人民币","出口",2015,"8","www.customs.gov.cn/customs/302249/302274/302277/302276/310550/index.html"
"表15","出口商品类章金额表","人民币","出口",2015,"9","www.customs.gov.cn/customs/302249/302274/302277/302276/310584/index.html"
"表15","出口商品类章金额表","人民币","出口",2015,"10","www.customs.gov.cn/customs/302249/302274/302277/302276/310617/index.html"
"表15","出口商品类章金额表","人民币","出口",2015,"11","www.customs.gov.cn/customs/302249/302274/302277/302276/310669/index.html"
"表15","出口商品类章金额表","人民币","出口",2015,"12","www.customs.gov.cn/customs/302249/302274/302277/302276/310686/index.html"
"表15","出口商品类章金额表","美元","出口",2015,"1","www.customs.gov.cn/customs/302249/302274/302277/302276/310328/index.html"
"表15","出口商品类章金额表","美元","出口",2015,"2","www.customs.gov.cn/customs/302249/302274/302277/302276/310361/index.html"
"表15","出口商品类章金额表","美元","出口",2015,"3","www.customs.gov.cn/customs/302249/302274/302277/302276/310396/index.html"
"表15","出口商品类章金额表","美元","出口",2015,"4","www.customs.gov.cn/customs/302249/302274/302277/302276/310430/index.html"
"表15","出口商品类章金额表","美元","出口",2015,"5","www.customs.gov.cn/customs/302249/302274/302277/302276/310464/index.html"
"表15","出口商品类章金额表","美元","出口",2015,"6","www.customs.gov.cn/customs/302249/302274/302277/302276/310499/index.html"
"表15","出口商品类章金额表","美元","出口",2015,"7","www.customs.gov.cn/customs/302249/302274/302277/302276/310533/index.html"
"表15","出口商品类章金额表","美元","出口",2015,"8","www.customs.gov.cn/customs/302249/302274/302277/302276/310566/index.html"
"表15","出口商品类章金额表","美元","出口",2015,"9","www.customs.gov.cn/customs/302249/302274/302277/302276/310601/index.html"
"表15","出口商品类章金额表","美元","出口",2015,"10","www.customs.gov.cn/customs/302249/302274/302277/302276/310633/index.html"
"表15","出口商品类章金额表","美元","出口",2015,"11","www.customs.gov.cn/customs/302249/302274/302277/302276/310667/index.html"
"表15","出口商品类章金额表","美元","出口",2015,"12","www.customs.gov.cn/customs/302249/302274/302277/302276/310703/index.html"
"表15","出口商品类章金额表","人民币","出口",2014,"1",NA
"表15","出口商品类章金额表","人民币","出口",2014,"2",NA
"表15","出口商品类章金额表","人民币","出口",2014,"3",NA
"表15","出口商品类章金额表","人民币","出口",2014,"4",NA
"表15","出口商品类章金额表","人民币","出口",2014,"5",NA
"表15","出口商品类章金额表","人民币","出口",2014,"6","www.customs.gov.cn/customs/302249/302274/302277/302276/310088/index.html"
"表15","出口商品类章金额表","人民币","出口",2014,"7","www.customs.gov.cn/customs/302249/302274/302277/302276/310122/index.html"
"表15","出口商品类章金额表","人民币","出口",2014,"8","www.customs.gov.cn/customs/302249/302274/302277/302276/310156/index.html"
"表15","出口商品类章金额表","人民币","出口",2014,"9","www.customs.gov.cn/customs/302249/302274/302277/302276/310190/index.html"
"表15","出口商品类章金额表","人民币","出口",2014,"10","www.customs.gov.cn/customs/302249/302274/302277/302276/310226/index.html"
"表15","出口商品类章金额表","人民币","出口",2014,"11","www.customs.gov.cn/customs/302249/302274/302277/302276/310258/index.html"
"表15","出口商品类章金额表","人民币","出口",2014,"12 ","www.customs.gov.cn/customs/302249/302274/302277/302276/310292/index.html"
"表15","出口商品类章金额表","美元","出口",2014,"1",NA
"表15","出口商品类章金额表","美元","出口",2014,"2",NA
"表15","出口商品类章金额表","美元","出口",2014,"3",NA
"表15","出口商品类章金额表","美元","出口",2014,"4",NA
"表15","出口商品类章金额表","美元","出口",2014,"5",NA
"表15","出口商品类章金额表","美元","出口",2014,"6","www.customs.gov.cn/customs/302249/302274/302277/302276/310090/index.html"
"表15","出口商品类章金额表","美元","出口",2014,"7","www.customs.gov.cn/customs/302249/302274/302277/302276/310124/index.html"
"表15","出口商品类章金额表","美元","出口",2014,"8","www.customs.gov.cn/customs/302249/302274/302277/302276/310154/index.html"
"表15","出口商品类章金额表","美元","出口",2014,"9","www.customs.gov.cn/customs/302249/302274/302277/302276/310191/index.html"
"表15","出口商品类章金额表","美元","出口",2014,"10","www.customs.gov.cn/customs/302249/302274/302277/302276/310224/index.html"
"表15","出口商品类章金额表","美元","出口",2014,"11","www.customs.gov.cn/customs/302249/302274/302277/302276/310260/index.html"
"表15","出口商品类章金额表","美元","出口",2014,"12 ","www.customs.gov.cn/customs/302249/302274/302277/302276/310293/index.html"
"表16","进口商品类章金额表","人民币","进口",2020,"1-2","www.customs.gov.cn/customs/302249/302274/302277/302276/2913543/index.html"
"表16","进口商品类章金额表","人民币","进口",2020,"3","www.customs.gov.cn/customs/302249/302274/302277/302276/3017241/index.html"
"表16","进口商品类章金额表","人民币","进口",2020,"4","www.customs.gov.cn/customs/302249/302274/302277/302276/3073835/index.html"
"表16","进口商品类章金额表","人民币","进口",2020,"5 ","www.customs.gov.cn/customs/302249/302274/302277/302276/3155243/index.html"
"表16","进口商品类章金额表","人民币","进口",2020,"6",NA
"表16","进口商品类章金额表","人民币","进口",2020,"7",NA
"表16","进口商品类章金额表","人民币","进口",2020,"8",NA
"表16","进口商品类章金额表","人民币","进口",2020,"9",NA
"表16","进口商品类章金额表","人民币","进口",2020,"10",NA
"表16","进口商品类章金额表","人民币","进口",2020,"11",NA
"表16","进口商品类章金额表","人民币","进口",2020,"12",NA
"表16","进口商品类章金额表","美元","进口",2020,"1-2","www.customs.gov.cn/customs/302249/302274/302277/302276/2914118/index.html"
"表16","进口商品类章金额表","美元","进口",2020,"3","www.customs.gov.cn/customs/302249/302274/302277/302276/3017406/index.html"
"表16","进口商品类章金额表","美元","进口",2020,"4","www.customs.gov.cn/customs/302249/302274/302277/302276/3073921/index.html"
"表16","进口商品类章金额表","美元","进口",2020,"5 ","www.customs.gov.cn/customs/302249/302274/302277/302276/3155392/index.html"
"表16","进口商品类章金额表","美元","进口",2020,"6",NA
"表16","进口商品类章金额表","美元","进口",2020,"7",NA
"表16","进口商品类章金额表","美元","进口",2020,"8",NA
"表16","进口商品类章金额表","美元","进口",2020,"9",NA
"表16","进口商品类章金额表","美元","进口",2020,"10",NA
"表16","进口商品类章金额表","美元","进口",2020,"11",NA
"表16","进口商品类章金额表","美元","进口",2020,"12",NA
"表16","进口商品类章金额表","人民币","进口",2019,"1","www.customs.gov.cn/customs/302249/302274/302277/302276/2314419/index.html"
"表16","进口商品类章金额表","人民币","进口",2019,"2","www.customs.gov.cn/customs/302249/302274/302277/302276/2353004/index.html"
"表16","进口商品类章金额表","人民币","进口",2019,"3","www.customs.gov.cn/customs/302249/302274/302277/302276/2392025/index.html"
"表16","进口商品类章金额表","人民币","进口",2019,"4","www.customs.gov.cn/customs/302249/302274/302277/302276/2448501/index.html"
"表16","进口商品类章金额表","人民币","进口",2019,"5","www.customs.gov.cn/customs/302249/302274/302277/302276/2514005/index.html"
"表16","进口商品类章金额表","人民币","进口",2019,"6","www.customs.gov.cn/customs/302249/302274/302277/302276/2546340/index.html"
"表16","进口商品类章金额表","人民币","进口",2019,"7","www.customs.gov.cn/customs/302249/302274/302277/302276/2573682/index.html"
"表16","进口商品类章金额表","人民币","进口",2019,"8","www.customs.gov.cn/customs/302249/302274/302277/302276/2604061/index.html"
"表16","进口商品类章金额表","人民币","进口",2019,"9","www.customs.gov.cn/customs/302249/302274/302277/302276/2653567/index.html"
"表16","进口商品类章金额表","人民币","进口",2019,"10","www.customs.gov.cn/customs/302249/302274/302277/302276/2709024/index.html"
"表16","进口商品类章金额表","人民币","进口",2019,"11","www.customs.gov.cn/customs/302249/302274/302277/302276/2791221/index.html"
"表16","进口商品类章金额表","人民币","进口",2019,"12","www.customs.gov.cn/customs/302249/302274/302277/302276/2851375/index.html"
"表16","进口商品类章金额表","美元","进口",2019,"1","www.customs.gov.cn/customs/302249/302274/302277/302276/2314603/index.html"
"表16","进口商品类章金额表","美元","进口",2019,"2","www.customs.gov.cn/customs/302249/302274/302277/302276/2352998/index.html"
"表16","进口商品类章金额表","美元","进口",2019,"3","www.customs.gov.cn/customs/302249/302274/302277/302276/2392305/index.html"
"表16","进口商品类章金额表","美元","进口",2019,"4","www.customs.gov.cn/customs/302249/302274/302277/302276/2448481/index.html"
"表16","进口商品类章金额表","美元","进口",2019,"5","www.customs.gov.cn/customs/302249/302274/302277/302276/2514066/index.html"
"表16","进口商品类章金额表","美元","进口",2019,"6","www.customs.gov.cn/customs/302249/302274/302277/302276/2546636/index.html"
"表16","进口商品类章金额表","美元","进口",2019,"7","www.customs.gov.cn/customs/302249/302274/302277/302276/2573877/index.html"
"表16","进口商品类章金额表","美元","进口",2019,"8","www.customs.gov.cn/customs/302249/302274/302277/302276/2604233/index.html"
"表16","进口商品类章金额表","美元","进口",2019,"9","www.customs.gov.cn/customs/302249/302274/302277/302276/2653927/index.html"
"表16","进口商品类章金额表","美元","进口",2019,"10","www.customs.gov.cn/customs/302249/302274/302277/302276/2709117/index.html"
"表16","进口商品类章金额表","美元","进口",2019,"11","www.customs.gov.cn/customs/302249/302274/302277/302276/2791547/index.html"
"表16","进口商品类章金额表","美元","进口",2019,"12","www.customs.gov.cn/customs/302249/302274/302277/302276/2851472/index.html"
"表16","进口商品类章金额表","人民币","进口",2018,"1 ","www.customs.gov.cn/customs/302249/302274/302277/302276/1466762/index.html"
"表16","进口商品类章金额表","人民币","进口",2018,"2 ","www.customs.gov.cn/customs/302249/302274/302277/302276/1475266/index.html"
"表16","进口商品类章金额表","人民币","进口",2018,"3 ","www.customs.gov.cn/customs/302249/302274/302277/302276/1762018/index.html"
"表16","进口商品类章金额表","人民币","进口",2018,"4 ","www.customs.gov.cn/customs/302249/302274/302277/302276/1858137/index.html"
"表16","进口商品类章金额表","人民币","进口",2018,"5 ","www.customs.gov.cn/customs/302249/302274/302277/302276/1899396/index.html"
"表16","进口商品类章金额表","人民币","进口",2018,"6","www.customs.gov.cn/customs/302249/302274/302277/302276/1940019/index.html"
"表16","进口商品类章金额表","人民币","进口",2018,"7","www.customs.gov.cn/customs/302249/302274/302277/302276/1975203/index.html"
"表16","进口商品类章金额表","人民币","进口",2018,"8","www.customs.gov.cn/customs/302249/302274/302277/302276/2020714/index.html"
"表16","进口商品类章金额表","人民币","进口",2018,"9","www.customs.gov.cn/customs/302249/302274/302277/302276/2050222/index.html"
"表16","进口商品类章金额表","人民币","进口",2018,"10","www.customs.gov.cn/customs/302249/302274/302277/302276/2112865/index.html"
"表16","进口商品类章金额表","人民币","进口",2018,"11","www.customs.gov.cn/customs/302249/302274/302277/302276/2153622/index.html"
"表16","进口商品类章金额表","人民币","进口",2018,"12","www.customs.gov.cn/customs/302249/302274/302277/302276/2278922/index.html"
"表16","进口商品类章金额表","美元","进口",2018,"1 ","www.customs.gov.cn/customs/302249/302274/302277/302276/1466857/index.html"
"表16","进口商品类章金额表","美元","进口",2018,"2 ","www.customs.gov.cn/customs/302249/302274/302277/302276/1475356/index.html"
"表16","进口商品类章金额表","美元","进口",2018,"3 ","www.customs.gov.cn/customs/302249/302274/302277/302276/1762011/index.html"
"表16","进口商品类章金额表","美元","进口",2018,"4 ","www.customs.gov.cn/customs/302249/302274/302277/302276/1858130/index.html"
"表16","进口商品类章金额表","美元","进口",2018,"5 ","www.customs.gov.cn/customs/302249/302274/302277/302276/1899449/index.html"
"表16","进口商品类章金额表","美元","进口",2018,"6","www.customs.gov.cn/customs/302249/302274/302277/302276/1940172/index.html"
"表16","进口商品类章金额表","美元","进口",2018,"7","www.customs.gov.cn/customs/302249/302274/302277/302276/1975255/index.html"
"表16","进口商品类章金额表","美元","进口",2018,"8","www.customs.gov.cn/customs/302249/302274/302277/302276/2020774/index.html"
"表16","进口商品类章金额表","美元","进口",2018,"9","www.customs.gov.cn/customs/302249/302274/302277/302276/2050313/index.html"
"表16","进口商品类章金额表","美元","进口",2018,"10","www.customs.gov.cn/customs/302249/302274/302277/302276/2113054/index.html"
"表16","进口商品类章金额表","美元","进口",2018,"11","www.customs.gov.cn/customs/302249/302274/302277/302276/2153679/index.html"
"表16","进口商品类章金额表","美元","进口",2018,"12","www.customs.gov.cn/customs/302249/302274/302277/302276/2279075/index.html"
"表16","进口商品类章金额表","人民币","进口",2017,"1","www.customs.gov.cn/customs/302249/302274/302277/302276/632038/index.html"
"表16","进口商品类章金额表","人民币","进口",2017,"2","www.customs.gov.cn/customs/302249/302274/302277/302276/632072/index.html"
"表16","进口商品类章金额表","人民币","进口",2017,"3","www.customs.gov.cn/customs/302249/302274/302277/302276/632106/index.html"
"表16","进口商品类章金额表","人民币","进口",2017,"4","www.customs.gov.cn/customs/302249/302274/302277/302276/632157/index.html"
"表16","进口商品类章金额表","人民币","进口",2017,"5","www.customs.gov.cn/customs/302249/302274/302277/302276/702184/index.html"
"表16","进口商品类章金额表","人民币","进口",2017,"6","www.customs.gov.cn/customs/302249/302274/302277/302276/715999/index.html"
"表16","进口商品类章金额表","人民币","进口",2017,"7","www.customs.gov.cn/customs/302249/302274/302277/302276/725344/index.html"
"表16","进口商品类章金额表","人民币","进口",2017,"8","www.customs.gov.cn/customs/302249/302274/302277/302276/734068/index.html"
"表16","进口商品类章金额表","人民币","进口",2017,"9","www.customs.gov.cn/customs/302249/302274/302277/302276/737416/index.html"
"表16","进口商品类章金额表","人民币","进口",2017,"10 ","www.customs.gov.cn/customs/302249/302274/302277/302276/747787/index.html"
"表16","进口商品类章金额表","人民币","进口",2017,"11 ","www.customs.gov.cn/customs/302249/302274/302277/302276/760862/index.html"
"表16","进口商品类章金额表","人民币","进口",2017,"12 ","www.customs.gov.cn/customs/302249/302274/302277/302276/1421228/index.html"
"表16","进口商品类章金额表","美元","进口",2017,"1","www.customs.gov.cn/customs/302249/302274/302277/302276/632055/index.html"
"表16","进口商品类章金额表","美元","进口",2017,"2","www.customs.gov.cn/customs/302249/302274/302277/302276/632089/index.html"
"表16","进口商品类章金额表","美元","进口",2017,"3","www.customs.gov.cn/customs/302249/302274/302277/302276/632123/index.html"
"表16","进口商品类章金额表","美元","进口",2017,"4","www.customs.gov.cn/customs/302249/302274/302277/302276/632155/index.html"
"表16","进口商品类章金额表","美元","进口",2017,"5","www.customs.gov.cn/customs/302249/302274/302277/302276/702182/index.html"
"表16","进口商品类章金额表","美元","进口",2017,"6","www.customs.gov.cn/customs/302249/302274/302277/302276/716058/index.html"
"表16","进口商品类章金额表","美元","进口",2017,"7","www.customs.gov.cn/customs/302249/302274/302277/302276/725471/index.html"
"表16","进口商品类章金额表","美元","进口",2017,"8","www.customs.gov.cn/customs/302249/302274/302277/302276/734075/index.html"
"表16","进口商品类章金额表","美元","进口",2017,"9","www.customs.gov.cn/customs/302249/302274/302277/302276/737467/index.html"
"表16","进口商品类章金额表","美元","进口",2017,"10 ","www.customs.gov.cn/customs/302249/302274/302277/302276/747838/index.html"
"表16","进口商品类章金额表","美元","进口",2017,"11 ","www.customs.gov.cn/customs/302249/302274/302277/302276/760913/index.html"
"表16","进口商品类章金额表","美元","进口",2017,"12 ","www.customs.gov.cn/customs/302249/302274/302277/302276/1423562/index.html"
"表16","进口商品类章金额表","人民币","进口",2016,"1","www.customs.gov.cn/customs/302249/302274/302277/302276/310721/index.html"
"表16","进口商品类章金额表","人民币","进口",2016,"2","www.customs.gov.cn/customs/302249/302274/302277/302276/310755/index.html"
"表16","进口商品类章金额表","人民币","进口",2016,"3","www.customs.gov.cn/customs/302249/302274/302277/302276/310789/index.html"
"表16","进口商品类章金额表","人民币","进口",2016,"4","www.customs.gov.cn/customs/302249/302274/302277/302276/310823/index.html"
"表16","进口商品类章金额表","人民币","进口",2016,"5","www.customs.gov.cn/customs/302249/302274/302277/302276/631769/index.html"
"表16","进口商品类章金额表","人民币","进口",2016,"6","www.customs.gov.cn/customs/302249/302274/302277/302276/631803/index.html"
"表16","进口商品类章金额表","人民币","进口",2016,"7","www.customs.gov.cn/customs/302249/302274/302277/302276/631837/index.html"
"表16","进口商品类章金额表","人民币","进口",2016,"8","www.customs.gov.cn/customs/302249/302274/302277/302276/631871/index.html"
"表16","进口商品类章金额表","人民币","进口",2016,"9","www.customs.gov.cn/customs/302249/302274/302277/302276/631920/index.html"
"表16","进口商品类章金额表","人民币","进口",2016,"10","www.customs.gov.cn/customs/302249/302274/302277/302276/631939/index.html"
"表16","进口商品类章金额表","人民币","进口",2016,"11","www.customs.gov.cn/customs/302249/302274/302277/302276/631973/index.html"
"表16","进口商品类章金额表","人民币","进口",2016,"12",NA
"表16","进口商品类章金额表","美元","进口",2016,"1","www.customs.gov.cn/customs/302249/302274/302277/302276/310738/index.html"
"表16","进口商品类章金额表","美元","进口",2016,"2","www.customs.gov.cn/customs/302249/302274/302277/302276/310772/index.html"
"表16","进口商品类章金额表","美元","进口",2016,"3","www.customs.gov.cn/customs/302249/302274/302277/302276/310806/index.html"
"表16","进口商品类章金额表","美元","进口",2016,"4","www.customs.gov.cn/customs/302249/302274/302277/302276/310840/index.html"
"表16","进口商品类章金额表","美元","进口",2016,"5","www.customs.gov.cn/customs/302249/302274/302277/302276/631786/index.html"
"表16","进口商品类章金额表","美元","进口",2016,"6","www.customs.gov.cn/customs/302249/302274/302277/302276/631820/index.html"
"表16","进口商品类章金额表","美元","进口",2016,"7","www.customs.gov.cn/customs/302249/302274/302277/302276/631854/index.html"
"表16","进口商品类章金额表","美元","进口",2016,"8","www.customs.gov.cn/customs/302249/302274/302277/302276/631888/index.html"
"表16","进口商品类章金额表","美元","进口",2016,"9","www.customs.gov.cn/customs/302249/302274/302277/302276/631922/index.html"
"表16","进口商品类章金额表","美元","进口",2016,"10","www.customs.gov.cn/customs/302249/302274/302277/302276/631956/index.html"
"表16","进口商品类章金额表","美元","进口",2016,"11","www.customs.gov.cn/customs/302249/302274/302277/302276/631989/index.html"
"表16","进口商品类章金额表","美元","进口",2016,"12",NA
"表16","进口商品类章金额表","人民币","进口",2015,"1","www.customs.gov.cn/customs/302249/302274/302277/302276/310327/index.html"
"表16","进口商品类章金额表","人民币","进口",2015,"2","www.customs.gov.cn/customs/302249/302274/302277/302276/310362/index.html"
"表16","进口商品类章金额表","人民币","进口",2015,"3","www.customs.gov.cn/customs/302249/302274/302277/302276/310380/index.html"
"表16","进口商品类章金额表","人民币","进口",2015,"4","www.customs.gov.cn/customs/302249/302274/302277/302276/310414/index.html"
"表16","进口商品类章金额表","人民币","进口",2015,"5","www.customs.gov.cn/customs/302249/302274/302277/302276/310448/index.html"
"表16","进口商品类章金额表","人民币","进口",2015,"6","www.customs.gov.cn/customs/302249/302274/302277/302276/310482/index.html"
"表16","进口商品类章金额表","人民币","进口",2015,"7","www.customs.gov.cn/customs/302249/302274/302277/302276/310517/index.html"
"表16","进口商品类章金额表","人民币","进口",2015,"8","www.customs.gov.cn/customs/302249/302274/302277/302276/310551/index.html"
"表16","进口商品类章金额表","人民币","进口",2015,"9","www.customs.gov.cn/customs/302249/302274/302277/302276/310585/index.html"
"表16","进口商品类章金额表","人民币","进口",2015,"10","www.customs.gov.cn/customs/302249/302274/302277/302276/310635/index.html"
"表16","进口商品类章金额表","人民币","进口",2015,"11","www.customs.gov.cn/customs/302249/302274/302277/302276/310670/index.html"
"表16","进口商品类章金额表","人民币","进口",2015,"12","www.customs.gov.cn/customs/302249/302274/302277/302276/310687/index.html"
"表16","进口商品类章金额表","美元","进口",2015,"1","www.customs.gov.cn/customs/302249/302274/302277/302276/310327/index.html"
"表16","进口商品类章金额表","美元","进口",2015,"2","www.customs.gov.cn/customs/302249/302274/302277/302276/310362/index.html"
"表16","进口商品类章金额表","美元","进口",2015,"3","www.customs.gov.cn/customs/302249/302274/302277/302276/310380/index.html"
"表16","进口商品类章金额表","美元","进口",2015,"4","www.customs.gov.cn/customs/302249/302274/302277/302276/310414/index.html"
"表16","进口商品类章金额表","美元","进口",2015,"5","www.customs.gov.cn/customs/302249/302274/302277/302276/310448/index.html"
"表16","进口商品类章金额表","美元","进口",2015,"6","www.customs.gov.cn/customs/302249/302274/302277/302276/310482/index.html"
"表16","进口商品类章金额表","美元","进口",2015,"7","www.customs.gov.cn/customs/302249/302274/302277/302276/310517/index.html"
"表16","进口商品类章金额表","美元","进口",2015,"8","www.customs.gov.cn/customs/302249/302274/302277/302276/310551/index.html"
"表16","进口商品类章金额表","美元","进口",2015,"9","www.customs.gov.cn/customs/302249/302274/302277/302276/310585/index.html"
"表16","进口商品类章金额表","美元","进口",2015,"10","www.customs.gov.cn/customs/302249/302274/302277/302276/310635/index.html"
"表16","进口商品类章金额表","美元","进口",2015,"11","www.customs.gov.cn/customs/302249/302274/302277/302276/310670/index.html"
"表16","进口商品类章金额表","美元","进口",2015,"12","www.customs.gov.cn/customs/302249/302274/302277/302276/310687/index.html"
"表16","进口商品类章金额表","人民币","进口",2014,"1",NA
"表16","进口商品类章金额表","人民币","进口",2014,"2",NA
"表16","进口商品类章金额表","人民币","进口",2014,"3",NA
"表16","进口商品类章金额表","人民币","进口",2014,"4",NA
"表16","进口商品类章金额表","人民币","进口",2014,"5",NA
"表16","进口商品类章金额表","人民币","进口",2014,"6","www.customs.gov.cn/customs/302249/302274/302277/302276/310089/index.html"
"表16","进口商品类章金额表","人民币","进口",2014,"7","www.customs.gov.cn/customs/302249/302274/302277/302276/310123/index.html"
"表16","进口商品类章金额表","人民币","进口",2014,"8","www.customs.gov.cn/customs/302249/302274/302277/302276/310157/index.html"
"表16","进口商品类章金额表","人民币","进口",2014,"9","www.customs.gov.cn/customs/302249/302274/302277/302276/310193/index.html"
"表16","进口商品类章金额表","人民币","进口",2014,"10","www.customs.gov.cn/customs/302249/302274/302277/302276/310227/index.html"
"表16","进口商品类章金额表","人民币","进口",2014,"11","www.customs.gov.cn/customs/302249/302274/302277/302276/310259/index.html"
"表16","进口商品类章金额表","人民币","进口",2014,"12 ","www.customs.gov.cn/customs/302249/302274/302277/302276/310295/index.html"
"表16","进口商品类章金额表","美元","进口",2014,"1",NA
"表16","进口商品类章金额表","美元","进口",2014,"2",NA
"表16","进口商品类章金额表","美元","进口",2014,"3",NA
"表16","进口商品类章金额表","美元","进口",2014,"4",NA
"表16","进口商品类章金额表","美元","进口",2014,"5",NA
"表16","进口商品类章金额表","美元","进口",2014,"6","www.customs.gov.cn/customs/302249/302274/302277/302276/310091/index.html"
"表16","进口商品类章金额表","美元","进口",2014,"7","www.customs.gov.cn/customs/302249/302274/302277/302276/310125/index.html"
"表16","进口商品类章金额表","美元","进口",2014,"8","www.customs.gov.cn/customs/302249/302274/302277/302276/310155/index.html"
"表16","进口商品类章金额表","美元","进口",2014,"9","www.customs.gov.cn/customs/302249/302274/302277/302276/310192/index.html"
"表16","进口商品类章金额表","美元","进口",2014,"10","www.customs.gov.cn/customs/302249/302274/302277/302276/310225/index.html"
"表16","进口商品类章金额表","美元","进口",2014,"11","www.customs.gov.cn/customs/302249/302274/302277/302276/310261/index.html"
"表16","进口商品类章金额表","美元","进口",2014,"12","www.customs.gov.cn/customs/302249/302274/302277/302276/310294/index.html"
